Workbook
Name PIZZERICHIESTE: 'MENU PIZZE'!$A$4:$A$110
Name IngredientiInFoglioPizze: 'MENU PIZZE'!$E$4:$L$110
Name Pizze: 'MENU PIZZE'!$A$4:$Q$110
Name CercaIngrediente: 'MENU PIZZE'!$S$2
Name QTAGIADISPONIBILE: INGREDIENTI!$D$3:$D$141
Name Ingredienti: INGREDIENTI!$A$3:$I$141
Name OrdineDiProduzione: 'MENU PIZZE'!$N$4:$N$110

Sheet MENU PIZZE
S1: Cerca ingrediente | U1: Aggiungi pizza | W1: Aggiungi evento | Y1: Totalizza eventi | AA1: Crea MENU
A3: Da fare | B3: DISPONIBILI (ingredienti in casa) | C3: TIPO | D3: NOME | E3: INGREDIENTI Pomodoro | F3: Mozzarella | G3: Principale 1 | H3: Principale 2 | I3: Altro 1 | J3: Altro 2 | K3: Altro 3 | L3: Altro 4 | M3: RI/DI | N3: ORDINE DI PRODUZIONE | O3: Prec | P3: Descrizione per menù | Q3: NEW
A4: 1 | B4: =MIN(SUMIF(INGREDIENTI!$B$2:$B$114,E4,INGREDIENTI!$D$2:$D$114),SUMIF(INGREDIENTI!$B$2:$B$114,F4,INGREDIENTI!$D$2:$D$114),SUMIF(INGREDIENTI!$B$2:$B$114,G4,INGREDIENTI!$D$2:$D$114),SUMIF(INGREDIENTI!$B$2:$B$114,H4,INGREDIENTI!$D$2:$D$114),SUMIF(INGREDIENTI!$B$2:$B$114,I4,INGREDIENTI!$D$2:$D$114),SUMIF(INGREDIENTI!$B$2:$B$114,J4,INGREDIENTI!$D$2:$D$114),SUMIF(INGREDIENTI!$B$2:$B$114,K4,INGREDIENTI!$D$2:$D$114),SUMIF(INGREDIENTI!$B$2:$B$114,L4,INGREDIENTI!$D$2:$D$114)) -> 0 | C4: Base | D4: MARGHERITA | E4: Pomodoro | F4: Fiordilatte | G4: Parmigiano | H4: Basilico * | I4: - | J4: - | K4: - | L4: - | M4: =IF(A4> 0,"SI",IF(B4> 0,"SI","")) -> SI | N4: 1 | O4: =SUMIF( 'TOTALI PIZZE'!A:A,D4,'TOTALI PIZZE'!B:B) -> 6 | P4: La classica Margherita con una spolverata di parmigiano | Q4: =if(SUMIF( 'TOTALI PIZZE'!A:A,D4,'TOTALI PIZZE'!B:B)=0,"NEW","")
A5: 1 | B5: =MIN(SUMIF(INGREDIENTI!$B$2:$B$114,E5,INGREDIENTI!$D$2:$D$114),SUMIF(INGREDIENTI!$B$2:$B$114,F5,INGREDIENTI!$D$2:$D$114),SUMIF(INGREDIENTI!$B$2:$B$114,G5,INGREDIENTI!$D$2:$D$114),SUMIF(INGREDIENTI!$B$2:$B$114,H5,INGREDIENTI!$D$2:$D$114),SUMIF(INGREDIENTI!$B$2:$B$114,I5,INGREDIENTI!$D$2:$D$114),SUMIF(INGREDIENTI!$B$2:$B$114,J5,INGREDIENTI!$D$2:$D$114),SUMIF(INGREDIENTI!$B$2:$B$114,K5,INGREDIENTI!$D$2:$D$114),SUMIF(INGREDIENTI!$B$2:$B$114,L5,INGREDIENTI!$D$2:$D$114)) -> 0 | C5: Speciale | D5: GAMBERI&GUACA | E5: - | F5: - | G5: Guacamole * | H5: Gamberi rossi * | I5: Stracciatella * | J5: Scorza di limone * | K5: Pepe * | L5: - | M5: =IF(A5> 0,"SI",IF(B5> 0,"SI","")) -> SI | N5: 2 | O5: =SUMIF( 'TOTALI PIZZE'!A:A,D5,'TOTALI PIZZE'!B:B) -> 0 | P5: Focaccia con in uscita: Guacamole, Gamberi rossi, Stracciatella, Scorza di limone e Pepe | Q5: =if(SUMIF( 'TOTALI PIZZE'!A:A,D5,'TOTALI PIZZE'!B:B)=0,"NEW","") -> NEW
A6: 1 | B6: =MIN(SUMIF(INGREDIENTI!$B$2:$B$114,E6,INGREDIENTI!$D$2:$D$114),SUMIF(INGREDIENTI!$B$2:$B$114,F6,INGREDIENTI!$D$2:$D$114),SUMIF(INGREDIENTI!$B$2:$B$114,G6,INGREDIENTI!$D$2:$D$114),SUMIF(INGREDIENTI!$B$2:$B$114,H6,INGREDIENTI!$D$2:$D$114),SUMIF(INGREDIENTI!$B$2:$B$114,I6,INGREDIENTI!$D$2:$D$114),SUMIF(INGREDIENTI!$B$2:$B$114,J6,INGREDIENTI!$D$2:$D$114),SUMIF(INGREDIENTI!$B$2:$B$114,K6,INGREDIENTI!$D$2:$D$114),SUMIF(INGREDIENTI!$B$2:$B$114,L6,INGREDIENTI!$D$2:$D$114)) -> 0 | C6: Speciale | D6: 4GEL&LIQUIRIZIA | E6: - | F6: Fiordilatte | G6: Pecorino | H6: Gorgonzola | I6: Parmigiano | J6: Gel di agrumi | K6: Liquirizia polvere * | L6: - | M6: =IF(A6> 0,"SI",IF(B6> 0,"SI","")) -> SI | N6: 3 | O6: =SUMIF( 'TOTALI PIZZE'!A:A,D6,'TOTALI PIZZE'!B:B) -> 4 | P6: 4 formaggi (Fiordilatte, Parmigiano, Pecorino, Gorgonzola), Gel di Agrumi, Liquirizia | Q6: =if(SUMIF( 'TOTALI PIZZE'!A:A,D6,'TOTALI PIZZE'!B:B)=0,"NEW","")
A7: 1 | B7: =MIN(SUMIF(INGREDIENTI!$B$2:$B$114,E7,INGREDIENTI!$D$2:$D$114),SUMIF(INGREDIENTI!$B$2:$B$114,F7,INGREDIENTI!$D$2:$D$114),SUMIF(INGREDIENTI!$B$2:$B$114,G7,INGREDIENTI!$D$2:$D$114),SUMIF(INGREDIENTI!$B$2:$B$114,H7,INGREDIENTI!$D$2:$D$114),SUMIF(INGREDIENTI!$B$2:$B$114,I7,INGREDIENTI!$D$2:$D$114),SUMIF(INGREDIENTI!$B$2:$B$114,J7,INGREDIENTI!$D$2:$D$114),SUMIF(INGREDIENTI!$B$2:$B$114,K7,INGREDIENTI!$D$2:$D$114),SUMIF(INGREDIENTI!$B$2:$B$114,L7,INGREDIENTI!$D$2:$D$114)) -> 0 | C7: Speciale | D7: STRACCIA CONFIT | E7: Pomodoro | F7: Fiordilatte | G7: Stracciatella * | H7: Pomodorini confit | I7: Parmigiano | J7: Basilico * | K7: Scorza di limone * | L7: - | M7: =IF(A7> 0,"SI",IF(B7> 0,"SI","")) -> SI | N7: 4 | O7: =SUMIF( 'TOTALI PIZZE'!A:A,D7,'TOTALI PIZZE'!B:B) -> 2 | P7: Fiordilatte Pomodorini Confit, Parmigiano. In uscita: Stracciatella, Basilico, scorzette di limone | Q7: =if(SUMIF( 'TOTALI PIZZE'!A:A,D7,'TOTALI PIZZE'!B:B)=0,"NEW","")
A8: 1 | B8: =MIN(SUMIF(INGREDIENTI!$B$2:$B$114,E8,INGREDIENTI!$D$2:$D$114),SUMIF(INGREDIENTI!$B$2:$B$114,F8,INGREDIENTI!$D$2:$D$114),SUMIF(INGREDIENTI!$B$2:$B$114,G8,INGREDIENTI!$D$2:$D$114),SUMIF(INGREDIENTI!$B$2:$B$114,H8,INGREDIENTI!$D$2:$D$114),SUMIF(INGREDIENTI!$B$2:$B$114,I8,INGREDIENTI!$D$2:$D$114),SUMIF(INGREDIENTI!$B$2:$B$114,J8,INGREDIENTI!$D$2:$D$114),SUMIF(INGREDIENTI!$B$2:$B$114,K8,INGREDIENTI!$D$2:$D$114),SUMIF(INGREDIENTI!$B$2:$B$114,L8,INGREDIENTI!$D$2:$D$114)) -> 0 | C8: Speciale | D8: AGLIO NERO E FUNGHI | E8: - | F8: Fiordilatte | G8: Funghi | H8: Emulsione di aglio nero * | I8: Parmigiano | J8: Prezzemolo | K8: - | L8: - | M8: =IF(A8> 0,"SI",IF(B8> 0,"SI","")) -> SI | N8: 5 | O8: =SUMIF( 'TOTALI PIZZE'!A:A,D8,'TOTALI PIZZE'!B:B) -> 0 | Q8: =if(SUMIF( 'TOTALI PIZZE'!A:A,D8,'TOTALI PIZZE'!B:B)=0,"NEW","") -> NEW
B9: =MIN(SUMIF(INGREDIENTI!$B$2:$B$114,E9,INGREDIENTI!$D$2:$D$114),SUMIF(INGREDIENTI!$B$2:$B$114,F9,INGREDIENTI!$D$2:$D$114),SUMIF(INGREDIENTI!$B$2:$B$114,G9,INGREDIENTI!$D$2:$D$114),SUMIF(INGREDIENTI!$B$2:$B$114,H9,INGREDIENTI!$D$2:$D$114),SUMIF(INGREDIENTI!$B$2:$B$114,I9,INGREDIENTI!$D$2:$D$114),SUMIF(INGREDIENTI!$B$2:$B$114,J9,INGREDIENTI!$D$2:$D$114),SUMIF(INGREDIENTI!$B$2:$B$114,K9,INGREDIENTI!$D$2:$D$114),SUMIF(INGREDIENTI!$B$2:$B$114,L9,INGREDIENTI!$D$2:$D$114)) -> 0 | C9: Speciale | D9: I TRE POMI | E9: Pomodoro giallo | F9: - | G9: Pomod.Pachino | H9: Pomodori secchi (crema) | I9: Origano * | J9: - | K9: - | L9: - | M9: =IF(A9> 0,"SI",IF(B9> 0,"SI","")) | O9: =SUMIF( 'TOTALI PIZZE'!A:A,D9,'TOTALI PIZZE'!B:B) -> 1 | P9: Base di pomodoro giallo, Pomodorini Confit, Crema di pomodori secchi, origano | Q9: =if(SUMIF( 'TOTALI PIZZE'!A:A,D9,'TOTALI PIZZE'!B:B)=0,"NEW","")
B10: =MIN(SUMIF(INGREDIENTI!$B$2:$B$114,E10,INGREDIENTI!$D$2:$D$114),SUMIF(INGREDIENTI!$B$2:$B$114,F10,INGREDIENTI!$D$2:$D$114),SUMIF(INGREDIENTI!$B$2:$B$114,G10,INGREDIENTI!$D$2:$D$114),SUMIF(INGREDIENTI!$B$2:$B$114,H10,INGREDIENTI!$D$2:$D$114),SUMIF(INGREDIENTI!$B$2:$B$114,I10,INGREDIENTI!$D$2:$D$114),SUMIF(INGREDIENTI!$B$2:$B$114,J10,INGREDIENTI!$D$2:$D$114),SUMIF(INGREDIENTI!$B$2:$B$114,K10,INGREDIENTI!$D$2:$D$114),SUMIF(INGREDIENTI!$B$2:$B$114,L10,INGREDIENTI!$D$2:$D$114)) -> 0 | C10: Speciale | D10: BACCARINA IN VASO | E10: Pomodoro | F10: - | G10: Baccalà in vasocottura | H10: Emulsione di aglio nero * | I10: Granella di mandorle * | J10: - | K10: - | L10: - | M10: =IF(A10> 0,"SI",IF(B10> 0,"SI","")) | O10: =SUMIF( 'TOTALI PIZZE'!A:A,D10,'TOTALI PIZZE'!B:B) -> 2 | P10: Rossa con Baccalà in Vasocottura, Emulsione di Aglio Nero, Granella di mandorle | Q10: =if(SUMIF( 'TOTALI PIZZE'!A:A,D10,'TOTALI PIZZE'!B:B)=0,"NEW","")
B11: =MIN(SUMIF(INGREDIENTI!$B$2:$B$114,E11,INGREDIENTI!$D$2:$D$114),SUMIF(INGREDIENTI!$B$2:$B$114,F11,INGREDIENTI!$D$2:$D$114),SUMIF(INGREDIENTI!$B$2:$B$114,G11,INGREDIENTI!$D$2:$D$114),SUMIF(INGREDIENTI!$B$2:$B$114,H11,INGREDIENTI!$D$2:$D$114),SUMIF(INGREDIENTI!$B$2:$B$114,I11,INGREDIENTI!$D$2:$D$114),SUMIF(INGREDIENTI!$B$2:$B$114,J11,INGREDIENTI!$D$2:$D$114),SUMIF(INGREDIENTI!$B$2:$B$114,K11,INGREDIENTI!$D$2:$D$114),SUMIF(INGREDIENTI!$B$2:$B$114,L11,INGREDIENTI!$D$2:$D$114)) -> 0 | C11: Speciale | D11: CECINELLA | E11: - | F11: Fiordilatte | G11: Crema di ceci * | H11: Pomod.Pachino | I11: Zucchine | J11: - | K11: - | L11: - | M11: =IF(A11> 0,"SI",IF(B11> 0,"SI","")) | O11: =SUMIF( 'TOTALI PIZZE'!A:A,D11,'TOTALI PIZZE'!B:B) -> 1 | P11: Crema di Ceci, Fiordilatte, Pomodori Pachino, Zucchine | Q11: =if(SUMIF( 'TOTALI PIZZE'!A:A,D11,'TOTALI PIZZE'!B:B)=0,"NEW","")
B12: =MIN(SUMIF(INGREDIENTI!$B$2:$B$114,E12,INGREDIENTI!$D$2:$D$114),SUMIF(INGREDIENTI!$B$2:$B$114,F12,INGREDIENTI!$D$2:$D$114),SUMIF(INGREDIENTI!$B$2:$B$114,G12,INGREDIENTI!$D$2:$D$114),SUMIF(INGREDIENTI!$B$2:$B$114,H12,INGREDIENTI!$D$2:$D$114),SUMIF(INGREDIENTI!$B$2:$B$114,I12,INGREDIENTI!$D$2:$D$114),SUMIF(INGREDIENTI!$B$2:$B$114,J12,INGREDIENTI!$D$2:$D$114),SUMIF(INGREDIENTI!$B$2:$B$114,K12,INGREDIENTI!$D$2:$D$114),SUMIF(INGREDIENTI!$B$2:$B$114,L12,INGREDIENTI!$D$2:$D$114)) -> 0 | C12: Speciale | D12: IL FATTORE IGNARO | E12: - | F12: - | G12: Taleggio | H12: Speck | I12: Pere * | J12: Noci * | K12: Pepe * | L12: - | M12: =IF(A12> 0,"SI",IF(B12> 0,"SI","")) | O12: =SUMIF( 'TOTALI PIZZE'!A:A,D12,'TOTALI PIZZE'!B:B) -> 2 | P12: Taleggio, Pere, Speck, Noci, Pepe nero | Q12: =if(SUMIF( 'TOTALI PIZZE'!A:A,D12,'TOTALI PIZZE'!B:B)=0,"NEW","")
B13: =MIN(SUMIF(INGREDIENTI!$B$2:$B$114,E13,INGREDIENTI!$D$2:$D$114),SUMIF(INGREDIENTI!$B$2:$B$114,F13,INGREDIENTI!$D$2:$D$114),SUMIF(INGREDIENTI!$B$2:$B$114,G13,INGREDIENTI!$D$2:$D$114),SUMIF(INGREDIENTI!$B$2:$B$114,H13,INGREDIENTI!$D$2:$D$114),SUMIF(INGREDIENTI!$B$2:$B$114,I13,INGREDIENTI!$D$2:$D$114),SUMIF(INGREDIENTI!$B$2:$B$114,J13,INGREDIENTI!$D$2:$D$114),SUMIF(INGREDIENTI!$B$2:$B$114,K13,INGREDIENTI!$D$2:$D$114),SUMIF(INGREDIENTI!$B$2:$B$114,L13,INGREDIENTI!$D$2:$D$114)) -> 0 | C13: Speciale | D13: MARINANGURIA | E13: Pomodoro stracotto | F13: - | G13: Pomodorini confit | H13: Origano * | I13: Emulsione di aglio nero * | J13: Peperoncino | K13: Basilico * | L13: - | M13: =IF(A13> 0,"SI",IF(B13> 0,"SI","")) | O13: =SUMIF( 'TOTALI PIZZE'!A:A,D13,'TOTALI PIZZE'!B:B) -> 9 | P13: Stracotto di pomodoro, Pomodorini Confit, Origano, Emulsione di aglio nero, Peperoncino | Q13: =if(SUMIF( 'TOTALI PIZZE'!A:A,D13,'TOTALI PIZZE'!B:B)=0,"NEW","")
B14: =MIN(SUMIF(INGREDIENTI!$B$2:$B$114,E14,INGREDIENTI!$D$2:$D$114),SUMIF(INGREDIENTI!$B$2:$B$114,F14,INGREDIENTI!$D$2:$D$114),SUMIF(INGREDIENTI!$B$2:$B$114,G14,INGREDIENTI!$D$2:$D$114),SUMIF(INGREDIENTI!$B$2:$B$114,H14,INGREDIENTI!$D$2:$D$114),SUMIF(INGREDIENTI!$B$2:$B$114,I14,INGREDIENTI!$D$2:$D$114),SUMIF(INGREDIENTI!$B$2:$B$114,J14,INGREDIENTI!$D$2:$D$114),SUMIF(INGREDIENTI!$B$2:$B$114,K14,INGREDIENTI!$D$2:$D$114),SUMIF(INGREDIENTI!$B$2:$B$114,L14,INGREDIENTI!$D$2:$D$114)) -> 0 | C14: Speciale | D14: SUSHI ROLL | E14: - | F14: - | G14: Salmone * | H14: Guacamole * | I14: Semi di sesamo tostati | J14: Maionese al wasabi * | K14: - | L14: - | M14: =IF(A14> 0,"SI",IF(B14> 0,"SI","")) | O14: =SUMIF( 'TOTALI PIZZE'!A:A,D14,'TOTALI PIZZE'!B:B) -> 0 | P14: Salmone, Avocado, Semi di sesamo tostati, maionese al wasabi | Q14: =if(SUMIF( 'TOTALI PIZZE'!A:A,D14,'TOTALI PIZZE'!B:B)=0,"NEW","") -> NEW
B15: =MIN(SUMIF(INGREDIENTI!$B$2:$B$114,E15,INGREDIENTI!$D$2:$D$114),SUMIF(INGREDIENTI!$B$2:$B$114,F15,INGREDIENTI!$D$2:$D$114),SUMIF(INGREDIENTI!$B$2:$B$114,G15,INGREDIENTI!$D$2:$D$114),SUMIF(INGREDIENTI!$B$2:$B$114,H15,INGREDIENTI!$D$2:$D$114),SUMIF(INGREDIENTI!$B$2:$B$114,I15,INGREDIENTI!$D$2:$D$114),SUMIF(INGREDIENTI!$B$2:$B$114,J15,INGREDIENTI!$D$2:$D$114),SUMIF(INGREDIENTI!$B$2:$B$114,K15,INGREDIENTI!$D$2:$D$114),SUMIF(INGREDIENTI!$B$2:$B$114,L15,INGREDIENTI!$D$2:$D$114)) -> 0 | C15: Speciale | D15: PAELLA | E15: Pomodoro | F15: - | G15: Misto Pesce paella | H15: Salsa aioli * | I15: - | J15: - | K15: - | L15: - | M15: =IF(A15> 0,"SI",IF(B15> 0,"SI","")) | O15: =SUMIF( 'TOTALI PIZZE'!A:A,D15,'TOTALI PIZZE'!B:B) -> 0 | P15: Gamberi, Cozze, Zafferano, Salsa aioli | Q15: =if(SUMIF( 'TOTALI PIZZE'!A:A,D15,'TOTALI PIZZE'!B:B)=0,"NEW","") -> NEW
B16: =MIN(SUMIF(INGREDIENTI!$B$2:$B$114,E16,INGREDIENTI!$D$2:$D$114),SUMIF(INGREDIENTI!$B$2:$B$114,F16,INGREDIENTI!$D$2:$D$114),SUMIF(INGREDIENTI!$B$2:$B$114,G16,INGREDIENTI!$D$2:$D$114),SUMIF(INGREDIENTI!$B$2:$B$114,H16,INGREDIENTI!$D$2:$D$114),SUMIF(INGREDIENTI!$B$2:$B$114,I16,INGREDIENTI!$D$2:$D$114),SUMIF(INGREDIENTI!$B$2:$B$114,J16,INGREDIENTI!$D$2:$D$114),SUMIF(INGREDIENTI!$B$2:$B$114,K16,INGREDIENTI!$D$2:$D$114),SUMIF(INGREDIENTI!$B$2:$B$114,L16,INGREDIENTI!$D$2:$D$114)) -> 0 | C16: Speciale | D16: BOEUF BOURGUIGNONNE | E16: - | F16: - | G16: Fontina da fonduta | H16: Stracotto di manzo * | I16: Funghi | J16: Cipolla caramellata | K16: Pepe * | L16: - | M16: =IF(A16> 0,"SI",IF(B16> 0,"SI","")) | O16: =SUMIF( 'TOTALI PIZZE'!A:A,D16,'TOTALI PIZZE'!B:B) -> 0 | P16: Fonduta, Stracotto di Manzo, Funghi, Cipolla caramellata | Q16: =if(SUMIF( 'TOTALI PIZZE'!A:A,D16,'TOTALI PIZZE'!B:B)=0,"NEW","") -> NEW
B17: =MIN(SUMIF(INGREDIENTI!$B$2:$B$114,E17,INGREDIENTI!$D$2:$D$114),SUMIF(INGREDIENTI!$B$2:$B$114,F17,INGREDIENTI!$D$2:$D$114),SUMIF(INGREDIENTI!$B$2:$B$114,G17,INGREDIENTI!$D$2:$D$114),SUMIF(INGREDIENTI!$B$2:$B$114,H17,INGREDIENTI!$D$2:$D$114),SUMIF(INGREDIENTI!$B$2:$B$114,I17,INGREDIENTI!$D$2:$D$114),SUMIF(INGREDIENTI!$B$2:$B$114,J17,INGREDIENTI!$D$2:$D$114),SUMIF(INGREDIENTI!$B$2:$B$114,K17,INGREDIENTI!$D$2:$D$114),SUMIF(INGREDIENTI!$B$2:$B$114,L17,INGREDIENTI!$D$2:$D$114)) -> 0 | C17: Speciale | D17: PIZZOCCHERA | E17: - | F17: - | G17: Bitto o Casera | H17: Verza e Patate | I17: Chips di grano saraceno * | J17: - | K17: - | L17: - | M17: =IF(A17> 0,"SI",IF(B17> 0,"SI","")) | O17: =SUMIF( 'TOTALI PIZZE'!A:A,D17,'TOTALI PIZZE'!B:B) -> 0 | P17: Casera, Patate, Verza, Chips di grano saraceno | Q17: =if(SUMIF( 'TOTALI PIZZE'!A:A,D17,'TOTALI PIZZE'!B:B)=0,"NEW","") -> NEW
B18: =MIN(SUMIF(INGREDIENTI!$B$2:$B$114,E18,INGREDIENTI!$D$2:$D$114),SUMIF(INGREDIENTI!$B$2:$B$114,F18,INGREDIENTI!$D$2:$D$114),SUMIF(INGREDIENTI!$B$2:$B$114,G18,INGREDIENTI!$D$2:$D$114),SUMIF(INGREDIENTI!$B$2:$B$114,H18,INGREDIENTI!$D$2:$D$114),SUMIF(INGREDIENTI!$B$2:$B$114,I18,INGREDIENTI!$D$2:$D$114),SUMIF(INGREDIENTI!$B$2:$B$114,J18,INGREDIENTI!$D$2:$D$114),SUMIF(INGREDIENTI!$B$2:$B$114,K18,INGREDIENTI!$D$2:$D$114),SUMIF(INGREDIENTI!$B$2:$B$114,L18,INGREDIENTI!$D$2:$D$114)) -> 0 | C18: Speciale | D18: BOLOGNA | E18: Pomodoro | F18: - | G18: Mortadella | H18: Stracciatella * | I18: Salsa di pistacchi * | J18: - | K18: - | L18: - | M18: =IF(A18> 0,"SI",IF(B18> 0,"SI","")) | O18: =SUMIF( 'TOTALI PIZZE'!A:A,D18,'TOTALI PIZZE'!B:B) -> 1 | Q18: =if(SUMIF( 'TOTALI PIZZE'!A:A,D18,'TOTALI PIZZE'!B:B)=0,"NEW","")
B19: =MIN(SUMIF(INGREDIENTI!$B$2:$B$114,E19,INGREDIENTI!$D$2:$D$114),SUMIF(INGREDIENTI!$B$2:$B$114,F19,INGREDIENTI!$D$2:$D$114),SUMIF(INGREDIENTI!$B$2:$B$114,G19,INGREDIENTI!$D$2:$D$114),SUMIF(INGREDIENTI!$B$2:$B$114,H19,INGREDIENTI!$D$2:$D$114),SUMIF(INGREDIENTI!$B$2:$B$114,I19,INGREDIENTI!$D$2:$D$114),SUMIF(INGREDIENTI!$B$2:$B$114,J19,INGREDIENTI!$D$2:$D$114),SUMIF(INGREDIENTI!$B$2:$B$114,K19,INGREDIENTI!$D$2:$D$114),SUMIF(INGREDIENTI!$B$2:$B$114,L19,INGREDIENTI!$D$2:$D$114)) -> 0 | C19: Speciale | D19: STRACCIABRESAOLA | E19: - | F19: Fiordilatte | G19: Stracciatella * | H19: Bresaola | I19: Scorza di limone * | J19: - | K19: - | L19: - | M19: =IF(A19> 0,"SI",IF(B19> 0,"SI","")) | O19: =SUMIF( 'TOTALI PIZZE'!A:A,D19,'TOTALI PIZZE'!B:B) -> 0 | Q19: =if(SUMIF( 'TOTALI PIZZE'!A:A,D19,'TOTALI PIZZE'!B:B)=0,"NEW","") -> NEW
B20: =MIN(SUMIF(INGREDIENTI!$B$2:$B$114,E20,INGREDIENTI!$D$2:$D$114),SUMIF(INGREDIENTI!$B$2:$B$114,F20,INGREDIENTI!$D$2:$D$114),SUMIF(INGREDIENTI!$B$2:$B$114,G20,INGREDIENTI!$D$2:$D$114),SUMIF(INGREDIENTI!$B$2:$B$114,H20,INGREDIENTI!$D$2:$D$114),SUMIF(INGREDIENTI!$B$2:$B$114,I20,INGREDIENTI!$D$2:$D$114),SUMIF(INGREDIENTI!$B$2:$B$114,J20,INGREDIENTI!$D$2:$D$114),SUMIF(INGREDIENTI!$B$2:$B$114,K20,INGREDIENTI!$D$2:$D$114),SUMIF(INGREDIENTI!$B$2:$B$114,L20,INGREDIENTI!$D$2:$D$114)) -> 0 | C20: Speciale | D20: FRIARIELLI | E20: Pomodoro | F20: Fiordilatte | G20: Salsiccia | H20: Friarielli | I20: Pepe * | J20: - | K20: - | L20: - | M20: =IF(A20> 0,"SI",IF(B20> 0,"SI","")) | O20: =SUMIF( 'TOTALI PIZZE'!A:A,D20,'TOTALI PIZZE'!B:B) -> 0 | Q20: =if(SUMIF( 'TOTALI PIZZE'!A:A,D20,'TOTALI PIZZE'!B:B)=0,"NEW","") -> NEW
B21: =MIN(SUMIF(INGREDIENTI!$B$2:$B$114,E21,INGREDIENTI!$D$2:$D$114),SUMIF(INGREDIENTI!$B$2:$B$114,F21,INGREDIENTI!$D$2:$D$114),SUMIF(INGREDIENTI!$B$2:$B$114,G21,INGREDIENTI!$D$2:$D$114),SUMIF(INGREDIENTI!$B$2:$B$114,H21,INGREDIENTI!$D$2:$D$114),SUMIF(INGREDIENTI!$B$2:$B$114,I21,INGREDIENTI!$D$2:$D$114),SUMIF(INGREDIENTI!$B$2:$B$114,J21,INGREDIENTI!$D$2:$D$114),SUMIF(INGREDIENTI!$B$2:$B$114,K21,INGREDIENTI!$D$2:$D$114),SUMIF(INGREDIENTI!$B$2:$B$114,L21,INGREDIENTI!$D$2:$D$114)) -> 0 | C21: Speciale | D21: FIORITA | E21: - | F21: Fiordilatte | G21: Fiori di zucca | H21: Acciughe | I21: Stracciatella * | J21: - | K21: - | L21: - | M21: =IF(A21> 0,"SI",IF(B21> 0,"SI","")) | O21: =SUMIF( 'TOTALI PIZZE'!A:A,D21,'TOTALI PIZZE'!B:B) -> 2 | P21: Fiordilatte, Fiori di Zucca, Acciughe. In uscita: Stracciatella di Burrata | Q21: =if(SUMIF( 'TOTALI PIZZE'!A:A,D21,'TOTALI PIZZE'!B:B)=0,"NEW","")
B22: =MIN(SUMIF(INGREDIENTI!$B$2:$B$114,E22,INGREDIENTI!$D$2:$D$114),SUMIF(INGREDIENTI!$B$2:$B$114,F22,INGREDIENTI!$D$2:$D$114),SUMIF(INGREDIENTI!$B$2:$B$114,G22,INGREDIENTI!$D$2:$D$114),SUMIF(INGREDIENTI!$B$2:$B$114,H22,INGREDIENTI!$D$2:$D$114),SUMIF(INGREDIENTI!$B$2:$B$114,I22,INGREDIENTI!$D$2:$D$114),SUMIF(INGREDIENTI!$B$2:$B$114,J22,INGREDIENTI!$D$2:$D$114),SUMIF(INGREDIENTI!$B$2:$B$114,K22,INGREDIENTI!$D$2:$D$114),SUMIF(INGREDIENTI!$B$2:$B$114,L22,INGREDIENTI!$D$2:$D$114)) -> 0 | C22: Speciale | D22: ANATRA&ARANCIA | E22: - | F22: Fiordilatte | G22: Anatra * | H22: Scorzette di arancia * | I22: Pepe * | J22: - | K22: - | L22: - | M22: =IF(A22> 0,"SI",IF(B22> 0,"SI","")) | O22: =SUMIF( 'TOTALI PIZZE'!A:A,D22,'TOTALI PIZZE'!B:B) -> 0 | Q22: =if(SUMIF( 'TOTALI PIZZE'!A:A,D22,'TOTALI PIZZE'!B:B)=0,"NEW","") -> NEW
B23: =MIN(SUMIF(INGREDIENTI!$B$2:$B$114,E23,INGREDIENTI!$D$2:$D$114),SUMIF(INGREDIENTI!$B$2:$B$114,F23,INGREDIENTI!$D$2:$D$114),SUMIF(INGREDIENTI!$B$2:$B$114,G23,INGREDIENTI!$D$2:$D$114),SUMIF(INGREDIENTI!$B$2:$B$114,H23,INGREDIENTI!$D$2:$D$114),SUMIF(INGREDIENTI!$B$2:$B$114,I23,INGREDIENTI!$D$2:$D$114),SUMIF(INGREDIENTI!$B$2:$B$114,J23,INGREDIENTI!$D$2:$D$114),SUMIF(INGREDIENTI!$B$2:$B$114,K23,INGREDIENTI!$D$2:$D$114),SUMIF(INGREDIENTI!$B$2:$B$114,L23,INGREDIENTI!$D$2:$D$114)) -> 0 | C23: Speciale | D23: ALICI E BURRATA | E23: - | F23: - | G23: Pomod.Pachino | H23: Origano * | I23: Stracciatella * | J23: Acciughe | K23: Scorza di limone * | L23: - | M23: =IF(A23> 0,"SI",IF(B23> 0,"SI","")) | O23: =SUMIF( 'TOTALI PIZZE'!A:A,D23,'TOTALI PIZZE'!B:B) -> 0 | Q23: =if(SUMIF( 'TOTALI PIZZE'!A:A,D23,'TOTALI PIZZE'!B:B)=0,"NEW","") -> NEW
B24: =MIN(SUMIF(INGREDIENTI!$B$2:$B$114,E24,INGREDIENTI!$D$2:$D$114),SUMIF(INGREDIENTI!$B$2:$B$114,F24,INGREDIENTI!$D$2:$D$114),SUMIF(INGREDIENTI!$B$2:$B$114,G24,INGREDIENTI!$D$2:$D$114),SUMIF(INGREDIENTI!$B$2:$B$114,H24,INGREDIENTI!$D$2:$D$114),SUMIF(INGREDIENTI!$B$2:$B$114,I24,INGREDIENTI!$D$2:$D$114),SUMIF(INGREDIENTI!$B$2:$B$114,J24,INGREDIENTI!$D$2:$D$114),SUMIF(INGREDIENTI!$B$2:$B$114,K24,INGREDIENTI!$D$2:$D$114),SUMIF(INGREDIENTI!$B$2:$B$114,L24,INGREDIENTI!$D$2:$D$114)) -> 0 | C24: Speciale | D24: STRACCIACRUDO | E24: Pomodoro | F24: Fiordilatte | G24: Stracciatella * | H24: Crudo * | I24: - | J24: - | K24: - | L24: - | M24: =IF(A24> 0,"SI",IF(B24> 0,"SI","")) | O24: =SUMIF( 'TOTALI PIZZE'!A:A,D24,'TOTALI PIZZE'!B:B) -> 0 | Q24: =if(SUMIF( 'TOTALI PIZZE'!A:A,D24,'TOTALI PIZZE'!B:B)=0,"NEW","") -> NEW
B25: =MIN(SUMIF(INGREDIENTI!$B$2:$B$114,E25,INGREDIENTI!$D$2:$D$114),SUMIF(INGREDIENTI!$B$2:$B$114,F25,INGREDIENTI!$D$2:$D$114),SUMIF(INGREDIENTI!$B$2:$B$114,G25,INGREDIENTI!$D$2:$D$114),SUMIF(INGREDIENTI!$B$2:$B$114,H25,INGREDIENTI!$D$2:$D$114),SUMIF(INGREDIENTI!$B$2:$B$114,I25,INGREDIENTI!$D$2:$D$114),SUMIF(INGREDIENTI!$B$2:$B$114,J25,INGREDIENTI!$D$2:$D$114),SUMIF(INGREDIENTI!$B$2:$B$114,K25,INGREDIENTI!$D$2:$D$114),SUMIF(INGREDIENTI!$B$2:$B$114,L25,INGREDIENTI!$D$2:$D$114)) -> 0 | C25: Speciale | D25: POLPOSA | E25: Pomodoro stracotto | F25: - | G25: Polpo | H25: Olive verdi | I25: Prezzemolo | J25: Origano * | K25: - | L25: - | M25: =IF(A25> 0,"SI",IF(B25> 0,"SI","")) | O25: =SUMIF( 'TOTALI PIZZE'!A:A,D25,'TOTALI PIZZE'!B:B) -> 1 | P25: Rossa con Polpo, Olive verdi, Origano e prezzemolo | Q25: =if(SUMIF( 'TOTALI PIZZE'!A:A,D25,'TOTALI PIZZE'!B:B)=0,"NEW","")
B26: =MIN(SUMIF(INGREDIENTI!$B$2:$B$114,E26,INGREDIENTI!$D$2:$D$114),SUMIF(INGREDIENTI!$B$2:$B$114,F26,INGREDIENTI!$D$2:$D$114),SUMIF(INGREDIENTI!$B$2:$B$114,G26,INGREDIENTI!$D$2:$D$114),SUMIF(INGREDIENTI!$B$2:$B$114,H26,INGREDIENTI!$D$2:$D$114),SUMIF(INGREDIENTI!$B$2:$B$114,I26,INGREDIENTI!$D$2:$D$114),SUMIF(INGREDIENTI!$B$2:$B$114,J26,INGREDIENTI!$D$2:$D$114),SUMIF(INGREDIENTI!$B$2:$B$114,K26,INGREDIENTI!$D$2:$D$114),SUMIF(INGREDIENTI!$B$2:$B$114,L26,INGREDIENTI!$D$2:$D$114)) -> 0 | C26: Speciale | D26: METATO | E26: - | F26: - | G26: Provola affumicata | H26: Funghi | I26: Crema di castagne * | J26: Rosmarino | K26: - | L26: - | M26: =IF(A26> 0,"SI",IF(B26> 0,"SI","")) | O26: =SUMIF( 'TOTALI PIZZE'!A:A,D26,'TOTALI PIZZE'!B:B) -> 1 | P26: Provola affumicata, Porcini, Crema di castagne, Rosmarino | Q26: =if(SUMIF( 'TOTALI PIZZE'!A:A,D26,'TOTALI PIZZE'!B:B)=0,"NEW","")
B27: =MIN(SUMIF(INGREDIENTI!$B$2:$B$114,E27,INGREDIENTI!$D$2:$D$114),SUMIF(INGREDIENTI!$B$2:$B$114,F27,INGREDIENTI!$D$2:$D$114),SUMIF(INGREDIENTI!$B$2:$B$114,G27,INGREDIENTI!$D$2:$D$114),SUMIF(INGREDIENTI!$B$2:$B$114,H27,INGREDIENTI!$D$2:$D$114),SUMIF(INGREDIENTI!$B$2:$B$114,I27,INGREDIENTI!$D$2:$D$114),SUMIF(INGREDIENTI!$B$2:$B$114,J27,INGREDIENTI!$D$2:$D$114),SUMIF(INGREDIENTI!$B$2:$B$114,K27,INGREDIENTI!$D$2:$D$114),SUMIF(INGREDIENTI!$B$2:$B$114,L27,INGREDIENTI!$D$2:$D$114)) -> 0 | C27: Speciale | D27: SALTALFUNGO | E27: Pomodoro | F27: - | G27: Taleggio | H27: Funghi | I27: Salsiccia | J27: Pepe * | K27: - | L27: - | M27: =IF(A27> 0,"SI",IF(B27> 0,"SI","")) | O27: =SUMIF( 'TOTALI PIZZE'!A:A,D27,'TOTALI PIZZE'!B:B) -> 1 | P27: Salsiccia, Taleggio, Porcini, Pepe nero | Q27: =if(SUMIF( 'TOTALI PIZZE'!A:A,D27,'TOTALI PIZZE'!B:B)=0,"NEW","")
B28: =MIN(SUMIF(INGREDIENTI!$B$2:$B$114,E28,INGREDIENTI!$D$2:$D$114),SUMIF(INGREDIENTI!$B$2:$B$114,F28,INGREDIENTI!$D$2:$D$114),SUMIF(INGREDIENTI!$B$2:$B$114,G28,INGREDIENTI!$D$2:$D$114),SUMIF(INGREDIENTI!$B$2:$B$114,H28,INGREDIENTI!$D$2:$D$114),SUMIF(INGREDIENTI!$B$2:$B$114,I28,INGREDIENTI!$D$2:$D$114),SUMIF(INGREDIENTI!$B$2:$B$114,J28,INGREDIENTI!$D$2:$D$114),SUMIF(INGREDIENTI!$B$2:$B$114,K28,INGREDIENTI!$D$2:$D$114),SUMIF(INGREDIENTI!$B$2:$B$114,L28,INGREDIENTI!$D$2:$D$114)) -> 0 | C28: Classica | D28: STRACAPOECOLLO | E28: Pomodoro stracotto | F28: Fiordilatte | G28: Carciofini | H28: Capocollo | I28: - | J28: - | K28: - | L28: - | M28: =IF(A28> 0,"SI",IF(B28> 0,"SI","")) | O28: =SUMIF( 'TOTALI PIZZE'!A:A,D28,'TOTALI PIZZE'!B:B) -> 1 | P28: Stracotto di pomodoro, Fiordilatte, Carciofini, Capocollo | Q28: =if(SUMIF( 'TOTALI PIZZE'!A:A,D28,'TOTALI PIZZE'!B:B)=0,"NEW","")
B29: =MIN(SUMIF(INGREDIENTI!$B$2:$B$114,E29,INGREDIENTI!$D$2:$D$114),SUMIF(INGREDIENTI!$B$2:$B$114,F29,INGREDIENTI!$D$2:$D$114),SUMIF(INGREDIENTI!$B$2:$B$114,G29,INGREDIENTI!$D$2:$D$114),SUMIF(INGREDIENTI!$B$2:$B$114,H29,INGREDIENTI!$D$2:$D$114),SUMIF(INGREDIENTI!$B$2:$B$114,I29,INGREDIENTI!$D$2:$D$114),SUMIF(INGREDIENTI!$B$2:$B$114,J29,INGREDIENTI!$D$2:$D$114),SUMIF(INGREDIENTI!$B$2:$B$114,K29,INGREDIENTI!$D$2:$D$114),SUMIF(INGREDIENTI!$B$2:$B$114,L29,INGREDIENTI!$D$2:$D$114)) -> 0 | C29: Classica | D29: PICCANTOLA | E29: - | F29: Fiordilatte | G29: Gorgonzola | H29: Salame piccante | I29: Miele * | J29: - | K29: - | L29: - | M29: =IF(A29> 0,"SI",IF(B29> 0,"SI","")) | O29: =SUMIF( 'TOTALI PIZZE'!A:A,D29,'TOTALI PIZZE'!B:B) -> 1 | P29: Bianca con Gorgonzola, Miele e Salame piccante | Q29: =if(SUMIF( 'TOTALI PIZZE'!A:A,D29,'TOTALI PIZZE'!B:B)=0,"NEW","")
B30: =MIN(SUMIF(INGREDIENTI!$B$2:$B$114,E30,INGREDIENTI!$D$2:$D$114),SUMIF(INGREDIENTI!$B$2:$B$114,F30,INGREDIENTI!$D$2:$D$114),SUMIF(INGREDIENTI!$B$2:$B$114,G30,INGREDIENTI!$D$2:$D$114),SUMIF(INGREDIENTI!$B$2:$B$114,H30,INGREDIENTI!$D$2:$D$114),SUMIF(INGREDIENTI!$B$2:$B$114,I30,INGREDIENTI!$D$2:$D$114),SUMIF(INGREDIENTI!$B$2:$B$114,J30,INGREDIENTI!$D$2:$D$114),SUMIF(INGREDIENTI!$B$2:$B$114,K30,INGREDIENTI!$D$2:$D$114),SUMIF(INGREDIENTI!$B$2:$B$114,L30,INGREDIENTI!$D$2:$D$114)) -> 0 | C30: Speciale | D30: SPECCASTAGNA | E30: - | F30: - | G30: Provola affumicata | H30: Speck | I30: Crema di castagne * | J30: - | K30: - | L30: - | M30: =IF(A30> 0,"SI",IF(B30> 0,"SI","")) | O30: =SUMIF( 'TOTALI PIZZE'!A:A,D30,'TOTALI PIZZE'!B:B) -> 0 | P30: Provola affumicata, Speck, Crema di castagne | Q30: =if(SUMIF( 'TOTALI PIZZE'!A:A,D30,'TOTALI PIZZE'!B:B)=0,"NEW","") -> NEW
B31: =MIN(SUMIF(INGREDIENTI!$B$2:$B$114,E31,INGREDIENTI!$D$2:$D$114),SUMIF(INGREDIENTI!$B$2:$B$114,F31,INGREDIENTI!$D$2:$D$114),SUMIF(INGREDIENTI!$B$2:$B$114,G31,INGREDIENTI!$D$2:$D$114),SUMIF(INGREDIENTI!$B$2:$B$114,H31,INGREDIENTI!$D$2:$D$114),SUMIF(INGREDIENTI!$B$2:$B$114,I31,INGREDIENTI!$D$2:$D$114),SUMIF(INGREDIENTI!$B$2:$B$114,J31,INGREDIENTI!$D$2:$D$114),SUMIF(INGREDIENTI!$B$2:$B$114,K31,INGREDIENTI!$D$2:$D$114),SUMIF(INGREDIENTI!$B$2:$B$114,L31,INGREDIENTI!$D$2:$D$114)) -> 0 | C31: Speciale | D31: CECIECOZZE | E31: Pomodoro | F31: - | G31: Cozze | H31: Crema di ceci * | I31: Pepe * | J31: - | K31: - | L31: - | M31: =IF(A31> 0,"SI",IF(B31> 0,"SI","")) | O31: =SUMIF( 'TOTALI PIZZE'!A:A,D31,'TOTALI PIZZE'!B:B) -> 0 | P31: Rossa con Cozze e Pepe. In uscita Crema di Ceci | Q31: =if(SUMIF( 'TOTALI PIZZE'!A:A,D31,'TOTALI PIZZE'!B:B)=0,"NEW","") -> NEW
B32: =MIN(SUMIF(INGREDIENTI!$B$2:$B$114,E32,INGREDIENTI!$D$2:$D$114),SUMIF(INGREDIENTI!$B$2:$B$114,F32,INGREDIENTI!$D$2:$D$114),SUMIF(INGREDIENTI!$B$2:$B$114,G32,INGREDIENTI!$D$2:$D$114),SUMIF(INGREDIENTI!$B$2:$B$114,H32,INGREDIENTI!$D$2:$D$114),SUMIF(INGREDIENTI!$B$2:$B$114,I32,INGREDIENTI!$D$2:$D$114),SUMIF(INGREDIENTI!$B$2:$B$114,J32,INGREDIENTI!$D$2:$D$114),SUMIF(INGREDIENTI!$B$2:$B$114,K32,INGREDIENTI!$D$2:$D$114),SUMIF(INGREDIENTI!$B$2:$B$114,L32,INGREDIENTI!$D$2:$D$114)) -> 0 | C32: Speciale | D32: AVOCADOTOAST | E32: - | F32: - | G32: Provola affumicata | H32: Guacamole * | I32: Salmone * | J32: Uova strapazzate * | K32: Pepe * | L32: - | M32: =IF(A32> 0,"SI",IF(B32> 0,"SI","")) | O32: =SUMIF( 'TOTALI PIZZE'!A:A,D32,'TOTALI PIZZE'!B:B) -> 2 | P32: Guacamole, Salmone, Provola, Uovo strapazzato, Pepe | Q32: =if(SUMIF( 'TOTALI PIZZE'!A:A,D32,'TOTALI PIZZE'!B:B)=0,"NEW","")
B33: =MIN(SUMIF(INGREDIENTI!$B$2:$B$114,E33,INGREDIENTI!$D$2:$D$114),SUMIF(INGREDIENTI!$B$2:$B$114,F33,INGREDIENTI!$D$2:$D$114),SUMIF(INGREDIENTI!$B$2:$B$114,G33,INGREDIENTI!$D$2:$D$114),SUMIF(INGREDIENTI!$B$2:$B$114,H33,INGREDIENTI!$D$2:$D$114),SUMIF(INGREDIENTI!$B$2:$B$114,I33,INGREDIENTI!$D$2:$D$114),SUMIF(INGREDIENTI!$B$2:$B$114,J33,INGREDIENTI!$D$2:$D$114),SUMIF(INGREDIENTI!$B$2:$B$114,K33,INGREDIENTI!$D$2:$D$114),SUMIF(INGREDIENTI!$B$2:$B$114,L33,INGREDIENTI!$D$2:$D$114)) -> 0 | C33: Classica | D33: BUFALA&CRUDO | E33: Pomodoro | F33: Fiordilatte | G33: Bufala | H33: Crudo * | I33: - | J33: - | K33: - | L33: - | M33: =IF(A33> 0,"SI",IF(B33> 0,"SI","")) | O33: =SUMIF( 'TOTALI PIZZE'!A:A,D33,'TOTALI PIZZE'!B:B) -> 2 | P33: Tradizionale margherita arricchita di Bufala e prosciutto crudo | Q33: =if(SUMIF( 'TOTALI PIZZE'!A:A,D33,'TOTALI PIZZE'!B:B)=0,"NEW","")
B34: =MIN(SUMIF(INGREDIENTI!$B$2:$B$114,E34,INGREDIENTI!$D$2:$D$114),SUMIF(INGREDIENTI!$B$2:$B$114,F34,INGREDIENTI!$D$2:$D$114),SUMIF(INGREDIENTI!$B$2:$B$114,G34,INGREDIENTI!$D$2:$D$114),SUMIF(INGREDIENTI!$B$2:$B$114,H34,INGREDIENTI!$D$2:$D$114),SUMIF(INGREDIENTI!$B$2:$B$114,I34,INGREDIENTI!$D$2:$D$114),SUMIF(INGREDIENTI!$B$2:$B$114,J34,INGREDIENTI!$D$2:$D$114),SUMIF(INGREDIENTI!$B$2:$B$114,K34,INGREDIENTI!$D$2:$D$114),SUMIF(INGREDIENTI!$B$2:$B$114,L34,INGREDIENTI!$D$2:$D$114)) -> 0 | C34: Speciale | D34: FIRENZE | E34: Pomodoro | F34: Fiordilatte | G34: Crema di pecorino | H34: Finocchiona | I34: Carciofini | J34: - | K34: - | L34: - | M34: =IF(A34> 0,"SI",IF(B34> 0,"SI","")) | O34: =SUMIF( 'TOTALI PIZZE'!A:A,D34,'TOTALI PIZZE'!B:B) -> 1 | P34: Rossa con crema di pecorino, Finocchiona e carciofini | Q34: =if(SUMIF( 'TOTALI PIZZE'!A:A,D34,'TOTALI PIZZE'!B:B)=0,"NEW","")
B35: =MIN(SUMIF(INGREDIENTI!$B$2:$B$114,E35,INGREDIENTI!$D$2:$D$114),SUMIF(INGREDIENTI!$B$2:$B$114,F35,INGREDIENTI!$D$2:$D$114),SUMIF(INGREDIENTI!$B$2:$B$114,G35,INGREDIENTI!$D$2:$D$114),SUMIF(INGREDIENTI!$B$2:$B$114,H35,INGREDIENTI!$D$2:$D$114),SUMIF(INGREDIENTI!$B$2:$B$114,I35,INGREDIENTI!$D$2:$D$114),SUMIF(INGREDIENTI!$B$2:$B$114,J35,INGREDIENTI!$D$2:$D$114),SUMIF(INGREDIENTI!$B$2:$B$114,K35,INGREDIENTI!$D$2:$D$114),SUMIF(INGREDIENTI!$B$2:$B$114,L35,INGREDIENTI!$D$2:$D$114)) -> 0 | C35: Speciale | D35: GAMBERI&MANGO | E35: - | F35: Fiordilatte | G35: Pomod.Pachino | H35: Gamberi rossi * | I35: Salsa al mango * | J35: - | K35: - | L35: - | M35: =IF(A35> 0,"SI",IF(B35> 0,"SI","")) | O35: =SUMIF( 'TOTALI PIZZE'!A:A,D35,'TOTALI PIZZE'!B:B) -> 1 | P35: Fiordilatte, Gamberi, Pomodirini Pachino e Salsa al Mango | Q35: =if(SUMIF( 'TOTALI PIZZE'!A:A,D35,'TOTALI PIZZE'!B:B)=0,"NEW","")
B36: =MIN(SUMIF(INGREDIENTI!$B$2:$B$114,E36,INGREDIENTI!$D$2:$D$114),SUMIF(INGREDIENTI!$B$2:$B$114,F36,INGREDIENTI!$D$2:$D$114),SUMIF(INGREDIENTI!$B$2:$B$114,G36,INGREDIENTI!$D$2:$D$114),SUMIF(INGREDIENTI!$B$2:$B$114,H36,INGREDIENTI!$D$2:$D$114),SUMIF(INGREDIENTI!$B$2:$B$114,I36,INGREDIENTI!$D$2:$D$114),SUMIF(INGREDIENTI!$B$2:$B$114,J36,INGREDIENTI!$D$2:$D$114),SUMIF(INGREDIENTI!$B$2:$B$114,K36,INGREDIENTI!$D$2:$D$114),SUMIF(INGREDIENTI!$B$2:$B$114,L36,INGREDIENTI!$D$2:$D$114)) -> 0 | C36: Speciale | D36: PISELLINA | E36: - | F36: Fiordilatte | G36: Pancetta * | H36: Uova strapazzate * | I36: Crema di piselli * | J36: - | K36: - | L36: - | M36: =IF(A36> 0,"SI",IF(B36> 0,"SI","")) | O36: =SUMIF( 'TOTALI PIZZE'!A:A,D36,'TOTALI PIZZE'!B:B) -> 7 | P36: Base fiordilatte. In uscita: Crema di piselli, Pancetta, Uova strapazzate | Q36: =if(SUMIF( 'TOTALI PIZZE'!A:A,D36,'TOTALI PIZZE'!B:B)=0,"NEW","")
... B57: =MIN(SUMIF(INGREDIENTI!$B$2:$B$114,E57,INGREDIENTI!$D$2:$D$114),SUMIF(INGREDIENTI!$B$2:$B$114,F57,INGREDIENTI!$D$2:$D$114),SUMIF(INGREDIENTI!$B$2:$B$114,G57,INGREDIENTI!$D$2:$D$114),SUMIF(INGREDIENTI!$B$2:$B$114,H57,INGREDIENTI!$D$2:$D$114),SUMIF(INGREDIENTI!$B$2:$B$114,I57,INGREDIENTI!$D$2:$D$114),SUMIF(INGREDIENTI!$B$2:$B$114,J57,INGREDIENTI!$D$2:$D$114),SUMIF(INGREDIENTI!$B$2:$B$114,K57,INGREDIENTI!$D$2:$D$114),SUMIF(INGREDIENTI!$B$2:$B$114,L57,INGREDIENTI!$D$2:$D$114)) -> 0 | C57: Classica | D57: BUFALINA | E57: Pomodoro | F57: - | G57: Bufala | H57: Pomod.Pachino | I57: Basilico * | J57: - | K57: - | L57: - | M57: =IF(A57> 0,"SI",IF(B57> 0,"SI","")) | O57: =SUMIF( 'TOTALI PIZZE'!A:A,D57,'TOTALI PIZZE'!B:B) -> 1 | P57: Pomodoro, Bufala, Pomodorini pachino, Basilico | Q57: =if(SUMIF( 'TOTALI PIZZE'!A:A,D57,'TOTALI PIZZE'!B:B)=0,"NEW","")
B58: =MIN(SUMIF(INGREDIENTI!$B$2:$B$114,E58,INGREDIENTI!$D$2:$D$114),SUMIF(INGREDIENTI!$B$2:$B$114,F58,INGREDIENTI!$D$2:$D$114),SUMIF(INGREDIENTI!$B$2:$B$114,G58,INGREDIENTI!$D$2:$D$114),SUMIF(INGREDIENTI!$B$2:$B$114,H58,INGREDIENTI!$D$2:$D$114),SUMIF(INGREDIENTI!$B$2:$B$114,I58,INGREDIENTI!$D$2:$D$114),SUMIF(INGREDIENTI!$B$2:$B$114,J58,INGREDIENTI!$D$2:$D$114),SUMIF(INGREDIENTI!$B$2:$B$114,K58,INGREDIENTI!$D$2:$D$114),SUMIF(INGREDIENTI!$B$2:$B$114,L58,INGREDIENTI!$D$2:$D$114)) -> 0 | C58: Speciale | D58: LARDO&BASILICO | E58: Pomodoro | F58: Fiordilatte | G58: Lardo * | H58: Pomod.Pachino | I58: Basilico * | J58: - | K58: - | L58: - | M58: =IF(A58> 0,"SI",IF(B58> 0,"SI","")) | O58: =SUMIF( 'TOTALI PIZZE'!A:A,D58,'TOTALI PIZZE'!B:B) -> 0 | Q58: =if(SUMIF( 'TOTALI PIZZE'!A:A,D58,'TOTALI PIZZE'!B:B)=0,"NEW","") -> NEW
B59: =MIN(SUMIF(INGREDIENTI!$B$2:$B$114,E59,INGREDIENTI!$D$2:$D$114),SUMIF(INGREDIENTI!$B$2:$B$114,F59,INGREDIENTI!$D$2:$D$114),SUMIF(INGREDIENTI!$B$2:$B$114,G59,INGREDIENTI!$D$2:$D$114),SUMIF(INGREDIENTI!$B$2:$B$114,H59,INGREDIENTI!$D$2:$D$114),SUMIF(INGREDIENTI!$B$2:$B$114,I59,INGREDIENTI!$D$2:$D$114),SUMIF(INGREDIENTI!$B$2:$B$114,J59,INGREDIENTI!$D$2:$D$114),SUMIF(INGREDIENTI!$B$2:$B$114,K59,INGREDIENTI!$D$2:$D$114),SUMIF(INGREDIENTI!$B$2:$B$114,L59,INGREDIENTI!$D$2:$D$114)) -> 0 | C59: Speciale | D59: BOLOGNALMIELE | E59: - | F59: Fiordilatte | G59: Mortadella | H59: Pecorino | I59: Miele * | J59: - | K59: - | L59: - | M59: =IF(A59> 0,"SI",IF(B59> 0,"SI","")) | O59: =SUMIF( 'TOTALI PIZZE'!A:A,D59,'TOTALI PIZZE'!B:B) -> 0 | Q59: =if(SUMIF( 'TOTALI PIZZE'!A:A,D59,'TOTALI PIZZE'!B:B)=0,"NEW","") -> NEW
B60: =MIN(SUMIF(INGREDIENTI!$B$2:$B$114,E60,INGREDIENTI!$D$2:$D$114),SUMIF(INGREDIENTI!$B$2:$B$114,F60,INGREDIENTI!$D$2:$D$114),SUMIF(INGREDIENTI!$B$2:$B$114,G60,INGREDIENTI!$D$2:$D$114),SUMIF(INGREDIENTI!$B$2:$B$114,H60,INGREDIENTI!$D$2:$D$114),SUMIF(INGREDIENTI!$B$2:$B$114,I60,INGREDIENTI!$D$2:$D$114),SUMIF(INGREDIENTI!$B$2:$B$114,J60,INGREDIENTI!$D$2:$D$114),SUMIF(INGREDIENTI!$B$2:$B$114,K60,INGREDIENTI!$D$2:$D$114),SUMIF(INGREDIENTI!$B$2:$B$114,L60,INGREDIENTI!$D$2:$D$114)) -> 0 | C60: Base | D60: MARINARA ++ | E60: Pomodoro | F60: - | G60: Pomod.Pachino | H60: Aglio | I60: Origano * | J60: Basilico * | K60: - | L60: - | M60: =IF(A60> 0,"SI",IF(B60> 0,"SI","")) | O60: =SUMIF( 'TOTALI PIZZE'!A:A,D60,'TOTALI PIZZE'!B:B) -> 0 | Q60: =if(SUMIF( 'TOTALI PIZZE'!A:A,D60,'TOTALI PIZZE'!B:B)=0,"NEW","") -> NEW
B61: =MIN(SUMIF(INGREDIENTI!$B$2:$B$114,E61,INGREDIENTI!$D$2:$D$114),SUMIF(INGREDIENTI!$B$2:$B$114,F61,INGREDIENTI!$D$2:$D$114),SUMIF(INGREDIENTI!$B$2:$B$114,G61,INGREDIENTI!$D$2:$D$114),SUMIF(INGREDIENTI!$B$2:$B$114,H61,INGREDIENTI!$D$2:$D$114),SUMIF(INGREDIENTI!$B$2:$B$114,I61,INGREDIENTI!$D$2:$D$114),SUMIF(INGREDIENTI!$B$2:$B$114,J61,INGREDIENTI!$D$2:$D$114),SUMIF(INGREDIENTI!$B$2:$B$114,K61,INGREDIENTI!$D$2:$D$114),SUMIF(INGREDIENTI!$B$2:$B$114,L61,INGREDIENTI!$D$2:$D$114)) -> 0 | C61: Base | D61: NAPOLI | E61: Pomodoro | F61: Fiordilatte | G61: Acciughe | H61: Capperi | I61: - | J61: - | K61: - | L61: - | M61: =IF(A61> 0,"SI",IF(B61> 0,"SI","")) | O61: =SUMIF( 'TOTALI PIZZE'!A:A,D61,'TOTALI PIZZE'!B:B) -> 1 | Q61: =if(SUMIF( 'TOTALI PIZZE'!A:A,D61,'TOTALI PIZZE'!B:B)=0,"NEW","")
B62: =MIN(SUMIF(INGREDIENTI!$B$2:$B$114,E62,INGREDIENTI!$D$2:$D$114),SUMIF(INGREDIENTI!$B$2:$B$114,F62,INGREDIENTI!$D$2:$D$114),SUMIF(INGREDIENTI!$B$2:$B$114,G62,INGREDIENTI!$D$2:$D$114),SUMIF(INGREDIENTI!$B$2:$B$114,H62,INGREDIENTI!$D$2:$D$114),SUMIF(INGREDIENTI!$B$2:$B$114,I62,INGREDIENTI!$D$2:$D$114),SUMIF(INGREDIENTI!$B$2:$B$114,J62,INGREDIENTI!$D$2:$D$114),SUMIF(INGREDIENTI!$B$2:$B$114,K62,INGREDIENTI!$D$2:$D$114),SUMIF(INGREDIENTI!$B$2:$B$114,L62,INGREDIENTI!$D$2:$D$114)) -> 0 | C62: Classica | D62: CAPRICCIOSA | E62: Pomodoro | F62: Fiordilatte | G62: Funghi | H62: Carciofini | I62: Acciughe | J62: Olive nere | K62: - | L62: - | M62: =IF(A62> 0,"SI",IF(B62> 0,"SI","")) | O62: =SUMIF( 'TOTALI PIZZE'!A:A,D62,'TOTALI PIZZE'!B:B) -> 0 | Q62: =if(SUMIF( 'TOTALI PIZZE'!A:A,D62,'TOTALI PIZZE'!B:B)=0,"NEW","") -> NEW
B63: =MIN(SUMIF(INGREDIENTI!$B$2:$B$114,E63,INGREDIENTI!$D$2:$D$114),SUMIF(INGREDIENTI!$B$2:$B$114,F63,INGREDIENTI!$D$2:$D$114),SUMIF(INGREDIENTI!$B$2:$B$114,G63,INGREDIENTI!$D$2:$D$114),SUMIF(INGREDIENTI!$B$2:$B$114,H63,INGREDIENTI!$D$2:$D$114),SUMIF(INGREDIENTI!$B$2:$B$114,I63,INGREDIENTI!$D$2:$D$114),SUMIF(INGREDIENTI!$B$2:$B$114,J63,INGREDIENTI!$D$2:$D$114),SUMIF(INGREDIENTI!$B$2:$B$114,K63,INGREDIENTI!$D$2:$D$114),SUMIF(INGREDIENTI!$B$2:$B$114,L63,INGREDIENTI!$D$2:$D$114)) -> 0 | C63: Classica | D63: COTTO&FUNGHI | E63: Pomodoro | F63: Fiordilatte | G63: Cotto | H63: Funghi | I63: - | J63: - | K63: - | L63: - | M63: =IF(A63> 0,"SI",IF(B63> 0,"SI","")) | O63: =SUMIF( 'TOTALI PIZZE'!A:A,D63,'TOTALI PIZZE'!B:B) -> 0 | Q63: =if(SUMIF( 'TOTALI PIZZE'!A:A,D63,'TOTALI PIZZE'!B:B)=0,"NEW","") -> NEW
B64: =MIN(SUMIF(INGREDIENTI!$B$2:$B$114,E64,INGREDIENTI!$D$2:$D$114),SUMIF(INGREDIENTI!$B$2:$B$114,F64,INGREDIENTI!$D$2:$D$114),SUMIF(INGREDIENTI!$B$2:$B$114,G64,INGREDIENTI!$D$2:$D$114),SUMIF(INGREDIENTI!$B$2:$B$114,H64,INGREDIENTI!$D$2:$D$114),SUMIF(INGREDIENTI!$B$2:$B$114,I64,INGREDIENTI!$D$2:$D$114),SUMIF(INGREDIENTI!$B$2:$B$114,J64,INGREDIENTI!$D$2:$D$114),SUMIF(INGREDIENTI!$B$2:$B$114,K64,INGREDIENTI!$D$2:$D$114),SUMIF(INGREDIENTI!$B$2:$B$114,L64,INGREDIENTI!$D$2:$D$114)) -> 0 | C64: Classica | D64: CRUDO&FUNGHI | E64: Pomodoro | F64: Fiordilatte | G64: Crudo * | H64: Funghi | I64: - | J64: - | K64: - | L64: - | M64: =IF(A64> 0,"SI",IF(B64> 0,"SI","")) | O64: =SUMIF( 'TOTALI PIZZE'!A:A,D64,'TOTALI PIZZE'!B:B) -> 0 | Q64: =if(SUMIF( 'TOTALI PIZZE'!A:A,D64,'TOTALI PIZZE'!B:B)=0,"NEW","") -> NEW
B65: =MIN(SUMIF(INGREDIENTI!$B$2:$B$114,E65,INGREDIENTI!$D$2:$D$114),SUMIF(INGREDIENTI!$B$2:$B$114,F65,INGREDIENTI!$D$2:$D$114),SUMIF(INGREDIENTI!$B$2:$B$114,G65,INGREDIENTI!$D$2:$D$114),SUMIF(INGREDIENTI!$B$2:$B$114,H65,INGREDIENTI!$D$2:$D$114),SUMIF(INGREDIENTI!$B$2:$B$114,I65,INGREDIENTI!$D$2:$D$114),SUMIF(INGREDIENTI!$B$2:$B$114,J65,INGREDIENTI!$D$2:$D$114),SUMIF(INGREDIENTI!$B$2:$B$114,K65,INGREDIENTI!$D$2:$D$114),SUMIF(INGREDIENTI!$B$2:$B$114,L65,INGREDIENTI!$D$2:$D$114)) -> 0 | C65: Classica | D65: FUNGHI | E65: Pomodoro | F65: Fiordilatte | G65: Funghi | H65: - | I65: - | J65: - | K65: - | L65: - | M65: =IF(A65> 0,"SI",IF(B65> 0,"SI","")) | O65: =SUMIF( 'TOTALI PIZZE'!A:A,D65,'TOTALI PIZZE'!B:B) -> 1 | Q65: =if(SUMIF( 'TOTALI PIZZE'!A:A,D65,'TOTALI PIZZE'!B:B)=0,"NEW","")
B66: =MIN(SUMIF(INGREDIENTI!$B$2:$B$114,E66,INGREDIENTI!$D$2:$D$114),SUMIF(INGREDIENTI!$B$2:$B$114,F66,INGREDIENTI!$D$2:$D$114),SUMIF(INGREDIENTI!$B$2:$B$114,G66,INGREDIENTI!$D$2:$D$114),SUMIF(INGREDIENTI!$B$2:$B$114,H66,INGREDIENTI!$D$2:$D$114),SUMIF(INGREDIENTI!$B$2:$B$114,I66,INGREDIENTI!$D$2:$D$114),SUMIF(INGREDIENTI!$B$2:$B$114,J66,INGREDIENTI!$D$2:$D$114),SUMIF(INGREDIENTI!$B$2:$B$114,K66,INGREDIENTI!$D$2:$D$114),SUMIF(INGREDIENTI!$B$2:$B$114,L66,INGREDIENTI!$D$2:$D$114)) -> 0 | C66: Classica | D66: SALAME PICCANTE | E66: Pomodoro | F66: Fiordilatte | G66: Salame piccante | H66: - | I66: - | J66: - | K66: - | L66: - | M66: =IF(A66> 0,"SI",IF(B66> 0,"SI","")) | O66: =SUMIF( 'TOTALI PIZZE'!A:A,D66,'TOTALI PIZZE'!B:B) -> 0 | Q66: =if(SUMIF( 'TOTALI PIZZE'!A:A,D66,'TOTALI PIZZE'!B:B)=0,"NEW","") -> NEW
B67: =MIN(SUMIF(INGREDIENTI!$B$2:$B$114,E67,INGREDIENTI!$D$2:$D$114),SUMIF(INGREDIENTI!$B$2:$B$114,F67,INGREDIENTI!$D$2:$D$114),SUMIF(INGREDIENTI!$B$2:$B$114,G67,INGREDIENTI!$D$2:$D$114),SUMIF(INGREDIENTI!$B$2:$B$114,H67,INGREDIENTI!$D$2:$D$114),SUMIF(INGREDIENTI!$B$2:$B$114,I67,INGREDIENTI!$D$2:$D$114),SUMIF(INGREDIENTI!$B$2:$B$114,J67,INGREDIENTI!$D$2:$D$114),SUMIF(INGREDIENTI!$B$2:$B$114,K67,INGREDIENTI!$D$2:$D$114),SUMIF(INGREDIENTI!$B$2:$B$114,L67,INGREDIENTI!$D$2:$D$114)) -> 0 | C67: Classica | D67: TONNO&CIPOLLA | E67: Pomodoro | F67: Fiordilatte | G67: Tonno | H67: Cipolla | I67: Pepe * | J67: - | K67: - | L67: - | M67: =IF(A67> 0,"SI",IF(B67> 0,"SI","")) | O67: =SUMIF( 'TOTALI PIZZE'!A:A,D67,'TOTALI PIZZE'!B:B) -> 1 | Q67: =if(SUMIF( 'TOTALI PIZZE'!A:A,D67,'TOTALI PIZZE'!B:B)=0,"NEW","")
B68: =MIN(SUMIF(INGREDIENTI!$B$2:$B$114,E68,INGREDIENTI!$D$2:$D$114),SUMIF(INGREDIENTI!$B$2:$B$114,F68,INGREDIENTI!$D$2:$D$114),SUMIF(INGREDIENTI!$B$2:$B$114,G68,INGREDIENTI!$D$2:$D$114),SUMIF(INGREDIENTI!$B$2:$B$114,H68,INGREDIENTI!$D$2:$D$114),SUMIF(INGREDIENTI!$B$2:$B$114,I68,INGREDIENTI!$D$2:$D$114),SUMIF(INGREDIENTI!$B$2:$B$114,J68,INGREDIENTI!$D$2:$D$114),SUMIF(INGREDIENTI!$B$2:$B$114,K68,INGREDIENTI!$D$2:$D$114),SUMIF(INGREDIENTI!$B$2:$B$114,L68,INGREDIENTI!$D$2:$D$114)) -> 0 | C68: Speciale | D68: AGLIO&PARMIGIANO | E68: Pomodoro | F68: Fiordilatte | G68: Parmigiano | H68: Aglio | I68: Acciughe | J68: - | K68: - | L68: - | M68: =IF(A68> 0,"SI",IF(B68> 0,"SI","")) | O68: =SUMIF( 'TOTALI PIZZE'!A:A,D68,'TOTALI PIZZE'!B:B) -> 0 | Q68: =if(SUMIF( 'TOTALI PIZZE'!A:A,D68,'TOTALI PIZZE'!B:B)=0,"NEW","") -> NEW
B69: =MIN(SUMIF(INGREDIENTI!$B$2:$B$114,E69,INGREDIENTI!$D$2:$D$114),SUMIF(INGREDIENTI!$B$2:$B$114,F69,INGREDIENTI!$D$2:$D$114),SUMIF(INGREDIENTI!$B$2:$B$114,G69,INGREDIENTI!$D$2:$D$114),SUMIF(INGREDIENTI!$B$2:$B$114,H69,INGREDIENTI!$D$2:$D$114),SUMIF(INGREDIENTI!$B$2:$B$114,I69,INGREDIENTI!$D$2:$D$114),SUMIF(INGREDIENTI!$B$2:$B$114,J69,INGREDIENTI!$D$2:$D$114),SUMIF(INGREDIENTI!$B$2:$B$114,K69,INGREDIENTI!$D$2:$D$114),SUMIF(INGREDIENTI!$B$2:$B$114,L69,INGREDIENTI!$D$2:$D$114)) -> 0 | C69: Speciale | D69: BUFALA&PROVOLA | E69: Pomodoro | F69: - | G69: Bufala | H69: Provola affumicata | I69: Pomod.Pachino | J69: Origano * | K69: - | L69: - | M69: =IF(A69> 0,"SI",IF(B69> 0,"SI","")) | O69: =SUMIF( 'TOTALI PIZZE'!A:A,D69,'TOTALI PIZZE'!B:B) -> 0 | Q69: =if(SUMIF( 'TOTALI PIZZE'!A:A,D69,'TOTALI PIZZE'!B:B)=0,"NEW","") -> NEW
... B110: =MIN(SUMIF(INGREDIENTI!$B$2:$B$114,E110,INGREDIENTI!$D$2:$D$114),SUMIF(INGREDIENTI!$B$2:$B$114,F110,INGREDIENTI!$D$2:$D$114),SUMIF(INGREDIENTI!$B$2:$B$114,G110,INGREDIENTI!$D$2:$D$114),SUMIF(INGREDIENTI!$B$2:$B$114,H110,INGREDIENTI!$D$2:$D$114),SUMIF(INGREDIENTI!$B$2:$B$114,I110,INGREDIENTI!$D$2:$D$114),SUMIF(INGREDIENTI!$B$2:$B$114,J110,INGREDIENTI!$D$2:$D$114),SUMIF(INGREDIENTI!$B$2:$B$114,K110,INGREDIENTI!$D$2:$D$114),SUMIF(INGREDIENTI!$B$2:$B$114,L110,INGREDIENTI!$D$2:$D$114)) -> 0 | C110: Speciale | D110: ZUCCOLA | E110: - | F110: - | G110: Speck | H110: Gorgonzola | I110: Crema di zucca | J110: Rosmarino | K110: - | L110: - | M110: =IF(A110> 0,"SI",IF(B110> 0,"SI","")) | O110: =SUMIF( 'TOTALI PIZZE'!A:A,D110,'TOTALI PIZZE'!B:B) -> 0 | Q110: =if(SUMIF( 'TOTALI PIZZE'!A:A,D110,'TOTALI PIZZE'!B:B)=0,"NEW","") -> NEW
E111: INGREDIENTI (* da aggiungere a crudo dopo la cottura)
A112: =SUM(A4:A110) -> 5 | B112: =SUM(B4:B110) -> 0
A113: =COUNTIF(A4:A110,">0") -> 5 | B113: =COUNTIF(B4:B110,">0") -> 0

Sheet INGREDIENTI
A1: TIPO | B1: INGREDIENTE | C1: QTA' NECESS. (pizze richieste) | D1: Già in casa (pizze realizzabili) | E1: in casa __ | F1: DA ACQUISTARE | G1: QTA' DA ACQUISTARE (Nro pizze) | H1: IN QUANTE PIZZE (totale) | I1: Ingredienti delle preparazioni | K1: Aggiungi ingrediente
A2: 0.ingred.vuoto | B2: - | D2: 1000
A3: __Pomodoro | B3: Pomodoro | C3: =SUMIF('MENU PIZZE'!$E$4:$E$110,B3,'MENU PIZZE'!$A$4:$A$110)+SUMIF('MENU PIZZE'!$F$4:$F$110,B3,'MENU PIZZE'!$A$4:$A$110)+SUMIF('MENU PIZZE'!$G$4:$G$110,B3,'MENU PIZZE'!$A$4:$A$110)+SUMIF('MENU PIZZE'!$H$4:$H$110,B3,'MENU PIZZE'!$A$4:$A$110)+SUMIF('MENU PIZZE'!$I$4:$I$110,B3,'MENU PIZZE'!$A$4:$A$110)+SUMIF('MENU PIZZE'!$J$4:$J$110,B3,'MENU PIZZE'!$A$4:$A$110)+SUMIF('MENU PIZZE'!$K$4:$K$110,B3,'MENU PIZZE'!$A$4:$A$110)+SUMIF('MENU PIZZE'!$L$4:$L$110,B3,'MENU PIZZE'!$A$4:$A$110) -> 2 | E3: =if(AND(D3>0,D3=C3), "SI","") | F3: =IF(G3>0,"SI","") -> SI | G3: =Max(C3-D3,0) -> 2 | H3: =countif('MENU PIZZE'!$E$4:$L$110,B3) -> 49 | I3: =IFERROR(VLOOKUP(B3,'Ricette dei preparati'!B:D,3,FALSE),"")
A4: _Fiordilatte | B4: Fiordilatte | C4: =SUMIF('MENU PIZZE'!$E$4:$E$110,B4,'MENU PIZZE'!$A$4:$A$110)+SUMIF('MENU PIZZE'!$F$4:$F$110,B4,'MENU PIZZE'!$A$4:$A$110)+SUMIF('MENU PIZZE'!$G$4:$G$110,B4,'MENU PIZZE'!$A$4:$A$110)+SUMIF('MENU PIZZE'!$H$4:$H$110,B4,'MENU PIZZE'!$A$4:$A$110)+SUMIF('MENU PIZZE'!$I$4:$I$110,B4,'MENU PIZZE'!$A$4:$A$110)+SUMIF('MENU PIZZE'!$J$4:$J$110,B4,'MENU PIZZE'!$A$4:$A$110)+SUMIF('MENU PIZZE'!$K$4:$K$110,B4,'MENU PIZZE'!$A$4:$A$110)+SUMIF('MENU PIZZE'!$L$4:$L$110,B4,'MENU PIZZE'!$A$4:$A$110) -> 4 | E4: =if(AND(D4>0,D4=C4), "SI","") | F4: =IF(G4>0,"SI","") -> SI | G4: =Max(C4-D4,0) -> 4 | H4: =countif('MENU PIZZE'!$E$4:$L$110,B4) -> 65 | I4: =IFERROR(VLOOKUP(B4,'Ricette dei preparati'!B:D,3,FALSE),"")
A5: 1.Formaggi | B5: Gorgonzola | C5: =SUMIF('MENU PIZZE'!$E$4:$E$110,B5,'MENU PIZZE'!$A$4:$A$110)+SUMIF('MENU PIZZE'!$F$4:$F$110,B5,'MENU PIZZE'!$A$4:$A$110)+SUMIF('MENU PIZZE'!$G$4:$G$110,B5,'MENU PIZZE'!$A$4:$A$110)+SUMIF('MENU PIZZE'!$H$4:$H$110,B5,'MENU PIZZE'!$A$4:$A$110)+SUMIF('MENU PIZZE'!$I$4:$I$110,B5,'MENU PIZZE'!$A$4:$A$110)+SUMIF('MENU PIZZE'!$J$4:$J$110,B5,'MENU PIZZE'!$A$4:$A$110)+SUMIF('MENU PIZZE'!$K$4:$K$110,B5,'MENU PIZZE'!$A$4:$A$110)+SUMIF('MENU PIZZE'!$L$4:$L$110,B5,'MENU PIZZE'!$A$4:$A$110) -> 1 | E5: =if(AND(D5>0,D5=C5), "SI","") | F5: =IF(G5>0,"SI","") -> SI | G5: =Max(C5-D5,0) -> 1 | H5: =countif('MENU PIZZE'!$E$4:$L$110,B5) -> 10 | I5: =IFERROR(VLOOKUP(B5,'Ricette dei preparati'!B:D,3,FALSE),"")
A6: 1.Formaggi | B6: Parmigiano | C6: =SUMIF('MENU PIZZE'!$E$4:$E$110,B6,'MENU PIZZE'!$A$4:$A$110)+SUMIF('MENU PIZZE'!$F$4:$F$110,B6,'MENU PIZZE'!$A$4:$A$110)+SUMIF('MENU PIZZE'!$G$4:$G$110,B6,'MENU PIZZE'!$A$4:$A$110)+SUMIF('MENU PIZZE'!$H$4:$H$110,B6,'MENU PIZZE'!$A$4:$A$110)+SUMIF('MENU PIZZE'!$I$4:$I$110,B6,'MENU PIZZE'!$A$4:$A$110)+SUMIF('MENU PIZZE'!$J$4:$J$110,B6,'MENU PIZZE'!$A$4:$A$110)+SUMIF('MENU PIZZE'!$K$4:$K$110,B6,'MENU PIZZE'!$A$4:$A$110)+SUMIF('MENU PIZZE'!$L$4:$L$110,B6,'MENU PIZZE'!$A$4:$A$110) -> 4 | E6: =if(AND(D6>0,D6=C6), "SI","") | F6: =IF(G6>0,"SI","") -> SI | G6: =Max(C6-D6,0) -> 4 | H6: =countif('MENU PIZZE'!$E$4:$L$110,B6) -> 15 | I6: =IFERROR(VLOOKUP(B6,'Ricette dei preparati'!B:D,3,FALSE),"")
A7: 1.Formaggi | B7: Pecorino | C7: =SUMIF('MENU PIZZE'!$E$4:$E$110,B7,'MENU PIZZE'!$A$4:$A$110)+SUMIF('MENU PIZZE'!$F$4:$F$110,B7,'MENU PIZZE'!$A$4:$A$110)+SUMIF('MENU PIZZE'!$G$4:$G$110,B7,'MENU PIZZE'!$A$4:$A$110)+SUMIF('MENU PIZZE'!$H$4:$H$110,B7,'MENU PIZZE'!$A$4:$A$110)+SUMIF('MENU PIZZE'!$I$4:$I$110,B7,'MENU PIZZE'!$A$4:$A$110)+SUMIF('MENU PIZZE'!$J$4:$J$110,B7,'MENU PIZZE'!$A$4:$A$110)+SUMIF('MENU PIZZE'!$K$4:$K$110,B7,'MENU PIZZE'!$A$4:$A$110)+SUMIF('MENU PIZZE'!$L$4:$L$110,B7,'MENU PIZZE'!$A$4:$A$110) -> 1 | E7: =if(AND(D7>0,D7=C7), "SI","") | F7: =IF(G7>0,"SI","") -> SI | G7: =Max(C7-D7,0) -> 1 | H7: =countif('MENU PIZZE'!$E$4:$L$110,B7) -> 4 | I7: =IFERROR(VLOOKUP(B7,'Ricette dei preparati'!B:D,3,FALSE),"")
A8: 1.Formaggi | B8: Stracciatella * | C8: =SUMIF('MENU PIZZE'!$E$4:$E$110,B8,'MENU PIZZE'!$A$4:$A$110)+SUMIF('MENU PIZZE'!$F$4:$F$110,B8,'MENU PIZZE'!$A$4:$A$110)+SUMIF('MENU PIZZE'!$G$4:$G$110,B8,'MENU PIZZE'!$A$4:$A$110)+SUMIF('MENU PIZZE'!$H$4:$H$110,B8,'MENU PIZZE'!$A$4:$A$110)+SUMIF('MENU PIZZE'!$I$4:$I$110,B8,'MENU PIZZE'!$A$4:$A$110)+SUMIF('MENU PIZZE'!$J$4:$J$110,B8,'MENU PIZZE'!$A$4:$A$110)+SUMIF('MENU PIZZE'!$K$4:$K$110,B8,'MENU PIZZE'!$A$4:$A$110)+SUMIF('MENU PIZZE'!$L$4:$L$110,B8,'MENU PIZZE'!$A$4:$A$110) -> 2 | E8: =if(AND(D8>0,D8=C8), "SI","") | F8: =IF(G8>0,"SI","") -> SI | G8: =Max(C8-D8,0) -> 2 | H8: =countif('MENU PIZZE'!$E$4:$L$110,B8) -> 16 | I8: =IFERROR(VLOOKUP(B8,'Ricette dei preparati'!B:D,3,FALSE),"")
A9: 3.Pesce | B9: Gamberi rossi * | C9: =SUMIF('MENU PIZZE'!$E$4:$E$110,B9,'MENU PIZZE'!$A$4:$A$110)+SUMIF('MENU PIZZE'!$F$4:$F$110,B9,'MENU PIZZE'!$A$4:$A$110)+SUMIF('MENU PIZZE'!$G$4:$G$110,B9,'MENU PIZZE'!$A$4:$A$110)+SUMIF('MENU PIZZE'!$H$4:$H$110,B9,'MENU PIZZE'!$A$4:$A$110)+SUMIF('MENU PIZZE'!$I$4:$I$110,B9,'MENU PIZZE'!$A$4:$A$110)+SUMIF('MENU PIZZE'!$J$4:$J$110,B9,'MENU PIZZE'!$A$4:$A$110)+SUMIF('MENU PIZZE'!$K$4:$K$110,B9,'MENU PIZZE'!$A$4:$A$110)+SUMIF('MENU PIZZE'!$L$4:$L$110,B9,'MENU PIZZE'!$A$4:$A$110) -> 1 | E9: =if(AND(D9>0,D9=C9), "SI","") | F9: =IF(G9>0,"SI","") -> SI | G9: =Max(C9-D9,0) -> 1 | H9: =countif('MENU PIZZE'!$E$4:$L$110,B9) -> 3 | I9: =IFERROR(VLOOKUP(B9,'Ricette dei preparati'!B:D,3,FALSE),"")
A10: 4.Verdure | B10: Basilico * | C10: =SUMIF('MENU PIZZE'!$E$4:$E$110,B10,'MENU PIZZE'!$A$4:$A$110)+SUMIF('MENU PIZZE'!$F$4:$F$110,B10,'MENU PIZZE'!$A$4:$A$110)+SUMIF('MENU PIZZE'!$G$4:$G$110,B10,'MENU PIZZE'!$A$4:$A$110)+SUMIF('MENU PIZZE'!$H$4:$H$110,B10,'MENU PIZZE'!$A$4:$A$110)+SUMIF('MENU PIZZE'!$I$4:$I$110,B10,'MENU PIZZE'!$A$4:$A$110)+SUMIF('MENU PIZZE'!$J$4:$J$110,B10,'MENU PIZZE'!$A$4:$A$110)+SUMIF('MENU PIZZE'!$K$4:$K$110,B10,'MENU PIZZE'!$A$4:$A$110)+SUMIF('MENU PIZZE'!$L$4:$L$110,B10,'MENU PIZZE'!$A$4:$A$110) -> 2 | E10: =if(AND(D10>0,D10=C10), "SI","") | F10: =IF(G10>0,"SI","") -> SI | G10: =Max(C10-D10,0) -> 2 | H10: =countif('MENU PIZZE'!$E$4:$L$110,B10) -> 12 | I10: =IFERROR(VLOOKUP(B10,'Ricette dei preparati'!B:D,3,FALSE),"")
A11: 4.Verdure | B11: Funghi | C11: =SUMIF('MENU PIZZE'!$E$4:$E$110,B11,'MENU PIZZE'!$A$4:$A$110)+SUMIF('MENU PIZZE'!$F$4:$F$110,B11,'MENU PIZZE'!$A$4:$A$110)+SUMIF('MENU PIZZE'!$G$4:$G$110,B11,'MENU PIZZE'!$A$4:$A$110)+SUMIF('MENU PIZZE'!$H$4:$H$110,B11,'MENU PIZZE'!$A$4:$A$110)+SUMIF('MENU PIZZE'!$I$4:$I$110,B11,'MENU PIZZE'!$A$4:$A$110)+SUMIF('MENU PIZZE'!$J$4:$J$110,B11,'MENU PIZZE'!$A$4:$A$110)+SUMIF('MENU PIZZE'!$K$4:$K$110,B11,'MENU PIZZE'!$A$4:$A$110)+SUMIF('MENU PIZZE'!$L$4:$L$110,B11,'MENU PIZZE'!$A$4:$A$110) -> 1 | E11: =if(AND(D11>0,D11=C11), "SI","") | F11: =IF(G11>0,"SI","") -> SI | G11: =Max(C11-D11,0) -> 1 | H11: =countif('MENU PIZZE'!$E$4:$L$110,B11) -> 13 | I11: =IFERROR(VLOOKUP(B11,'Ricette dei preparati'!B:D,3,FALSE),"")
A12: 7.Spezie/Condim. | B12: Liquirizia polvere * | C12: =SUMIF('MENU PIZZE'!$E$4:$E$110,B12,'MENU PIZZE'!$A$4:$A$110)+SUMIF('MENU PIZZE'!$F$4:$F$110,B12,'MENU PIZZE'!$A$4:$A$110)+SUMIF('MENU PIZZE'!$G$4:$G$110,B12,'MENU PIZZE'!$A$4:$A$110)+SUMIF('MENU PIZZE'!$H$4:$H$110,B12,'MENU PIZZE'!$A$4:$A$110)+SUMIF('MENU PIZZE'!$I$4:$I$110,B12,'MENU PIZZE'!$A$4:$A$110)+SUMIF('MENU PIZZE'!$J$4:$J$110,B12,'MENU PIZZE'!$A$4:$A$110)+SUMIF('MENU PIZZE'!$K$4:$K$110,B12,'MENU PIZZE'!$A$4:$A$110)+SUMIF('MENU PIZZE'!$L$4:$L$110,B12,'MENU PIZZE'!$A$4:$A$110) -> 1 | E12: =if(AND(D12>0,D12=C12), "SI","") | F12: =IF(G12>0,"SI","") -> SI | G12: =Max(C12-D12,0) -> 1 | H12: =countif('MENU PIZZE'!$E$4:$L$110,B12) -> 1 | I12: =IFERROR(VLOOKUP(B12,'Ricette dei preparati'!B:D,3,FALSE),"")
A13: 7.Spezie/Condim. | B13: Pepe * | C13: =SUMIF('MENU PIZZE'!$E$4:$E$110,B13,'MENU PIZZE'!$A$4:$A$110)+SUMIF('MENU PIZZE'!$F$4:$F$110,B13,'MENU PIZZE'!$A$4:$A$110)+SUMIF('MENU PIZZE'!$G$4:$G$110,B13,'MENU PIZZE'!$A$4:$A$110)+SUMIF('MENU PIZZE'!$H$4:$H$110,B13,'MENU PIZZE'!$A$4:$A$110)+SUMIF('MENU PIZZE'!$I$4:$I$110,B13,'MENU PIZZE'!$A$4:$A$110)+SUMIF('MENU PIZZE'!$J$4:$J$110,B13,'MENU PIZZE'!$A$4:$A$110)+SUMIF('MENU PIZZE'!$K$4:$K$110,B13,'MENU PIZZE'!$A$4:$A$110)+SUMIF('MENU PIZZE'!$L$4:$L$110,B13,'MENU PIZZE'!$A$4:$A$110) -> 1 | E13: =if(AND(D13>0,D13=C13), "SI","") | F13: =IF(G13>0,"SI","") -> SI | G13: =Max(C13-D13,0) -> 1 | H13: =countif('MENU PIZZE'!$E$4:$L$110,B13) -> 20 | I13: =IFERROR(VLOOKUP(B13,'Ricette dei preparati'!B:D,3,FALSE),"")
A14: 7.Spezie/Condim. | B14: Prezzemolo | C14: =SUMIF('MENU PIZZE'!$E$4:$E$110,B14,'MENU PIZZE'!$A$4:$A$110)+SUMIF('MENU PIZZE'!$F$4:$F$110,B14,'MENU PIZZE'!$A$4:$A$110)+SUMIF('MENU PIZZE'!$G$4:$G$110,B14,'MENU PIZZE'!$A$4:$A$110)+SUMIF('MENU PIZZE'!$H$4:$H$110,B14,'MENU PIZZE'!$A$4:$A$110)+SUMIF('MENU PIZZE'!$I$4:$I$110,B14,'MENU PIZZE'!$A$4:$A$110)+SUMIF('MENU PIZZE'!$J$4:$J$110,B14,'MENU PIZZE'!$A$4:$A$110)+SUMIF('MENU PIZZE'!$K$4:$K$110,B14,'MENU PIZZE'!$A$4:$A$110)+SUMIF('MENU PIZZE'!$L$4:$L$110,B14,'MENU PIZZE'!$A$4:$A$110) -> 1 | E14: =if(AND(D14>0,D14=C14), "SI","") | F14: =IF(G14>0,"SI","") -> SI | G14: =Max(C14-D14,0) -> 1 | H14: =countif('MENU PIZZE'!$E$4:$L$110,B14) -> 2 | I14: =IFERROR(VLOOKUP(B14,'Ricette dei preparati'!B:D,3,FALSE),"")
... A24: 1.Formaggi | B24: Caprino | C24: =SUMIF('MENU PIZZE'!$E$4:$E$110,B24,'MENU PIZZE'!$A$4:$A$110)+SUMIF('MENU PIZZE'!$F$4:$F$110,B24,'MENU PIZZE'!$A$4:$A$110)+SUMIF('MENU PIZZE'!$G$4:$G$110,B24,'MENU PIZZE'!$A$4:$A$110)+SUMIF('MENU PIZZE'!$H$4:$H$110,B24,'MENU PIZZE'!$A$4:$A$110)+SUMIF('MENU PIZZE'!$I$4:$I$110,B24,'MENU PIZZE'!$A$4:$A$110)+SUMIF('MENU PIZZE'!$J$4:$J$110,B24,'MENU PIZZE'!$A$4:$A$110)+SUMIF('MENU PIZZE'!$K$4:$K$110,B24,'MENU PIZZE'!$A$4:$A$110)+SUMIF('MENU PIZZE'!$L$4:$L$110,B24,'MENU PIZZE'!$A$4:$A$110) -> 0 | E24: =if(AND(D24>0,D24=C24), "SI","") | F24: =IF(G24>0,"SI","") | G24: =Max(C24-D24,0) -> 0 | H24: =countif('MENU PIZZE'!$E$4:$L$110,B24) -> 2 | I24: =IFERROR(VLOOKUP(B24,'Ricette dei preparati'!B:D,3,FALSE),"")
A25: 1.Formaggi | B25: Cheddar | C25: =SUMIF('MENU PIZZE'!$E$4:$E$110,B25,'MENU PIZZE'!$A$4:$A$110)+SUMIF('MENU PIZZE'!$F$4:$F$110,B25,'MENU PIZZE'!$A$4:$A$110)+SUMIF('MENU PIZZE'!$G$4:$G$110,B25,'MENU PIZZE'!$A$4:$A$110)+SUMIF('MENU PIZZE'!$H$4:$H$110,B25,'MENU PIZZE'!$A$4:$A$110)+SUMIF('MENU PIZZE'!$I$4:$I$110,B25,'MENU PIZZE'!$A$4:$A$110)+SUMIF('MENU PIZZE'!$J$4:$J$110,B25,'MENU PIZZE'!$A$4:$A$110)+SUMIF('MENU PIZZE'!$K$4:$K$110,B25,'MENU PIZZE'!$A$4:$A$110)+SUMIF('MENU PIZZE'!$L$4:$L$110,B25,'MENU PIZZE'!$A$4:$A$110) -> 0 | E25: =if(AND(D25>0,D25=C25), "SI","") | F25: =IF(G25>0,"SI","") | G25: =Max(C25-D25,0) -> 0 | H25: =COUNTIF('MENU PIZZE'!$E$4:$L$110,B25) -> 2 | I25: =IFERROR(VLOOKUP(B25,'Ricette dei preparati'!B:D,3,FALSE),"")
A26: 1.Formaggi | B26: Feta * | C26: =SUMIF('MENU PIZZE'!$E$4:$E$110,B26,'MENU PIZZE'!$A$4:$A$110)+SUMIF('MENU PIZZE'!$F$4:$F$110,B26,'MENU PIZZE'!$A$4:$A$110)+SUMIF('MENU PIZZE'!$G$4:$G$110,B26,'MENU PIZZE'!$A$4:$A$110)+SUMIF('MENU PIZZE'!$H$4:$H$110,B26,'MENU PIZZE'!$A$4:$A$110)+SUMIF('MENU PIZZE'!$I$4:$I$110,B26,'MENU PIZZE'!$A$4:$A$110)+SUMIF('MENU PIZZE'!$J$4:$J$110,B26,'MENU PIZZE'!$A$4:$A$110)+SUMIF('MENU PIZZE'!$K$4:$K$110,B26,'MENU PIZZE'!$A$4:$A$110)+SUMIF('MENU PIZZE'!$L$4:$L$110,B26,'MENU PIZZE'!$A$4:$A$110) -> 0 | E26: =if(AND(D26>0,D26=C26), "SI","") | F26: =IF(G26>0,"SI","") | G26: =Max(C26-D26,0) -> 0 | H26: =countif('MENU PIZZE'!$E$4:$L$110,B26) -> 2 | I26: =IFERROR(VLOOKUP(B26,'Ricette dei preparati'!B:D,3,FALSE),"")
A27: 1.Formaggi | B27: Fontina da fonduta | C27: =SUMIF('MENU PIZZE'!$E$4:$E$110,B27,'MENU PIZZE'!$A$4:$A$110)+SUMIF('MENU PIZZE'!$F$4:$F$110,B27,'MENU PIZZE'!$A$4:$A$110)+SUMIF('MENU PIZZE'!$G$4:$G$110,B27,'MENU PIZZE'!$A$4:$A$110)+SUMIF('MENU PIZZE'!$H$4:$H$110,B27,'MENU PIZZE'!$A$4:$A$110)+SUMIF('MENU PIZZE'!$I$4:$I$110,B27,'MENU PIZZE'!$A$4:$A$110)+SUMIF('MENU PIZZE'!$J$4:$J$110,B27,'MENU PIZZE'!$A$4:$A$110)+SUMIF('MENU PIZZE'!$K$4:$K$110,B27,'MENU PIZZE'!$A$4:$A$110)+SUMIF('MENU PIZZE'!$L$4:$L$110,B27,'MENU PIZZE'!$A$4:$A$110) -> 0 | E27: =if(AND(D27>0,D27=C27), "SI","") | F27: =IF(G27>0,"SI","") | G27: =Max(C27-D27,0) -> 0 | H27: =countif('MENU PIZZE'!$E$4:$L$110,B27) -> 1 | I27: =IFERROR(VLOOKUP(B27,'Ricette dei preparati'!B:D,3,FALSE),"")
A28: 1.Formaggi | B28: Pecorino romano | C28: =SUMIF('MENU PIZZE'!$E$4:$E$110,B28,'MENU PIZZE'!$A$4:$A$110)+SUMIF('MENU PIZZE'!$F$4:$F$110,B28,'MENU PIZZE'!$A$4:$A$110)+SUMIF('MENU PIZZE'!$G$4:$G$110,B28,'MENU PIZZE'!$A$4:$A$110)+SUMIF('MENU PIZZE'!$H$4:$H$110,B28,'MENU PIZZE'!$A$4:$A$110)+SUMIF('MENU PIZZE'!$I$4:$I$110,B28,'MENU PIZZE'!$A$4:$A$110)+SUMIF('MENU PIZZE'!$J$4:$J$110,B28,'MENU PIZZE'!$A$4:$A$110)+SUMIF('MENU PIZZE'!$K$4:$K$110,B28,'MENU PIZZE'!$A$4:$A$110)+SUMIF('MENU PIZZE'!$L$4:$L$110,B28,'MENU PIZZE'!$A$4:$A$110) -> 0 | E28: =if(AND(D28>0,D28=C28), "SI","") | F28: =IF(G28>0,"SI","") | G28: =Max(C28-D28,0) -> 0 | H28: =countif('MENU PIZZE'!$E$4:$L$110,B28) -> 3 | I28: =IFERROR(VLOOKUP(B28,'Ricette dei preparati'!B:D,3,FALSE),"")
A29: 1.Formaggi | B29: Provola affumicata | C29: =SUMIF('MENU PIZZE'!$E$4:$E$110,B29,'MENU PIZZE'!$A$4:$A$110)+SUMIF('MENU PIZZE'!$F$4:$F$110,B29,'MENU PIZZE'!$A$4:$A$110)+SUMIF('MENU PIZZE'!$G$4:$G$110,B29,'MENU PIZZE'!$A$4:$A$110)+SUMIF('MENU PIZZE'!$H$4:$H$110,B29,'MENU PIZZE'!$A$4:$A$110)+SUMIF('MENU PIZZE'!$I$4:$I$110,B29,'MENU PIZZE'!$A$4:$A$110)+SUMIF('MENU PIZZE'!$J$4:$J$110,B29,'MENU PIZZE'!$A$4:$A$110)+SUMIF('MENU PIZZE'!$K$4:$K$110,B29,'MENU PIZZE'!$A$4:$A$110)+SUMIF('MENU PIZZE'!$L$4:$L$110,B29,'MENU PIZZE'!$A$4:$A$110) -> 0 | E29: =if(AND(D29>0,D29=C29), "SI","") | F29: =IF(G29>0,"SI","") | G29: =Max(C29-D29,0) -> 0 | H29: =countif('MENU PIZZE'!$E$4:$L$110,B29) -> 16 | I29: =IFERROR(VLOOKUP(B29,'Ricette dei preparati'!B:D,3,FALSE),"")
A30: 1.Formaggi | B30: Ricotta * | C30: =SUMIF('MENU PIZZE'!$E$4:$E$110,B30,'MENU PIZZE'!$A$4:$A$110)+SUMIF('MENU PIZZE'!$F$4:$F$110,B30,'MENU PIZZE'!$A$4:$A$110)+SUMIF('MENU PIZZE'!$G$4:$G$110,B30,'MENU PIZZE'!$A$4:$A$110)+SUMIF('MENU PIZZE'!$H$4:$H$110,B30,'MENU PIZZE'!$A$4:$A$110)+SUMIF('MENU PIZZE'!$I$4:$I$110,B30,'MENU PIZZE'!$A$4:$A$110)+SUMIF('MENU PIZZE'!$J$4:$J$110,B30,'MENU PIZZE'!$A$4:$A$110)+SUMIF('MENU PIZZE'!$K$4:$K$110,B30,'MENU PIZZE'!$A$4:$A$110)+SUMIF('MENU PIZZE'!$L$4:$L$110,B30,'MENU PIZZE'!$A$4:$A$110) -> 0 | E30: =if(AND(D30>0,D30=C30), "SI","") | F30: =IF(G30>0,"SI","") | G30: =Max(C30-D30,0) -> 0 | H30: =countif('MENU PIZZE'!$E$4:$L$110,B30) -> 2 | I30: =IFERROR(VLOOKUP(B30,'Ricette dei preparati'!B:D,3,FALSE),"")
A31: 1.Formaggi | B31: Taleggio | C31: =SUMIF('MENU PIZZE'!$E$4:$E$110,B31,'MENU PIZZE'!$A$4:$A$110)+SUMIF('MENU PIZZE'!$F$4:$F$110,B31,'MENU PIZZE'!$A$4:$A$110)+SUMIF('MENU PIZZE'!$G$4:$G$110,B31,'MENU PIZZE'!$A$4:$A$110)+SUMIF('MENU PIZZE'!$H$4:$H$110,B31,'MENU PIZZE'!$A$4:$A$110)+SUMIF('MENU PIZZE'!$I$4:$I$110,B31,'MENU PIZZE'!$A$4:$A$110)+SUMIF('MENU PIZZE'!$J$4:$J$110,B31,'MENU PIZZE'!$A$4:$A$110)+SUMIF('MENU PIZZE'!$K$4:$K$110,B31,'MENU PIZZE'!$A$4:$A$110)+SUMIF('MENU PIZZE'!$L$4:$L$110,B31,'MENU PIZZE'!$A$4:$A$110) -> 0 | E31: =if(AND(D31>0,D31=C31), "SI","") | F31: =IF(G31>0,"SI","") | G31: =Max(C31-D31,0) -> 0 | H31: =countif('MENU PIZZE'!$E$4:$L$110,B31) -> 3 | I31: =IFERROR(VLOOKUP(B31,'Ricette dei preparati'!B:D,3,FALSE),"")
A32: 2.Salumi | B32: Bacon | C32: =SUMIF('MENU PIZZE'!$E$4:$E$110,B32,'MENU PIZZE'!$A$4:$A$110)+SUMIF('MENU PIZZE'!$F$4:$F$110,B32,'MENU PIZZE'!$A$4:$A$110)+SUMIF('MENU PIZZE'!$G$4:$G$110,B32,'MENU PIZZE'!$A$4:$A$110)+SUMIF('MENU PIZZE'!$H$4:$H$110,B32,'MENU PIZZE'!$A$4:$A$110)+SUMIF('MENU PIZZE'!$I$4:$I$110,B32,'MENU PIZZE'!$A$4:$A$110)+SUMIF('MENU PIZZE'!$J$4:$J$110,B32,'MENU PIZZE'!$A$4:$A$110)+SUMIF('MENU PIZZE'!$K$4:$K$110,B32,'MENU PIZZE'!$A$4:$A$110)+SUMIF('MENU PIZZE'!$L$4:$L$110,B32,'MENU PIZZE'!$A$4:$A$110) -> 0 | E32: =if(AND(D32>0,D32=C32), "SI","") | F32: =IF(G32>0,"SI","") | G32: =Max(C32-D32,0) -> 0 | H32: =countif('MENU PIZZE'!$E$4:$L$110,B32) -> 3 | I32: =IFERROR(VLOOKUP(B32,'Ricette dei preparati'!B:D,3,FALSE),"")
A33: 2.Salumi | B33: Bresaola | C33: =SUMIF('MENU PIZZE'!$E$4:$E$110,B33,'MENU PIZZE'!$A$4:$A$110)+SUMIF('MENU PIZZE'!$F$4:$F$110,B33,'MENU PIZZE'!$A$4:$A$110)+SUMIF('MENU PIZZE'!$G$4:$G$110,B33,'MENU PIZZE'!$A$4:$A$110)+SUMIF('MENU PIZZE'!$H$4:$H$110,B33,'MENU PIZZE'!$A$4:$A$110)+SUMIF('MENU PIZZE'!$I$4:$I$110,B33,'MENU PIZZE'!$A$4:$A$110)+SUMIF('MENU PIZZE'!$J$4:$J$110,B33,'MENU PIZZE'!$A$4:$A$110)+SUMIF('MENU PIZZE'!$K$4:$K$110,B33,'MENU PIZZE'!$A$4:$A$110)+SUMIF('MENU PIZZE'!$L$4:$L$110,B33,'MENU PIZZE'!$A$4:$A$110) -> 0 | E33: =if(AND(D33>0,D33=C33), "SI","") | F33: =IF(G33>0,"SI","") | G33: =Max(C33-D33,0) -> 0 | H33: =countif('MENU PIZZE'!$E$4:$L$110,B33) -> 2 | I33: =IFERROR(VLOOKUP(B33,'Ricette dei preparati'!B:D,3,FALSE),"")
A34: 2.Salumi | B34: Capocollo | C34: =SUMIF('MENU PIZZE'!$E$4:$E$110,B34,'MENU PIZZE'!$A$4:$A$110)+SUMIF('MENU PIZZE'!$F$4:$F$110,B34,'MENU PIZZE'!$A$4:$A$110)+SUMIF('MENU PIZZE'!$G$4:$G$110,B34,'MENU PIZZE'!$A$4:$A$110)+SUMIF('MENU PIZZE'!$H$4:$H$110,B34,'MENU PIZZE'!$A$4:$A$110)+SUMIF('MENU PIZZE'!$I$4:$I$110,B34,'MENU PIZZE'!$A$4:$A$110)+SUMIF('MENU PIZZE'!$J$4:$J$110,B34,'MENU PIZZE'!$A$4:$A$110)+SUMIF('MENU PIZZE'!$K$4:$K$110,B34,'MENU PIZZE'!$A$4:$A$110)+SUMIF('MENU PIZZE'!$L$4:$L$110,B34,'MENU PIZZE'!$A$4:$A$110) -> 0 | E34: =if(AND(D34>0,D34=C34), "SI","") | F34: =IF(G34>0,"SI","") | G34: =Max(C34-D34,0) -> 0 | H34: =countif('MENU PIZZE'!$E$4:$L$110,B34) -> 2 | I34: =IFERROR(VLOOKUP(B34,'Ricette dei preparati'!B:D,3,FALSE),"")
A35: 2.Salumi | B35: Cotto | C35: =SUMIF('MENU PIZZE'!$E$4:$E$110,B35,'MENU PIZZE'!$A$4:$A$110)+SUMIF('MENU PIZZE'!$F$4:$F$110,B35,'MENU PIZZE'!$A$4:$A$110)+SUMIF('MENU PIZZE'!$G$4:$G$110,B35,'MENU PIZZE'!$A$4:$A$110)+SUMIF('MENU PIZZE'!$H$4:$H$110,B35,'MENU PIZZE'!$A$4:$A$110)+SUMIF('MENU PIZZE'!$I$4:$I$110,B35,'MENU PIZZE'!$A$4:$A$110)+SUMIF('MENU PIZZE'!$J$4:$J$110,B35,'MENU PIZZE'!$A$4:$A$110)+SUMIF('MENU PIZZE'!$K$4:$K$110,B35,'MENU PIZZE'!$A$4:$A$110)+SUMIF('MENU PIZZE'!$L$4:$L$110,B35,'MENU PIZZE'!$A$4:$A$110) -> 0 | E35: =if(AND(D35>0,D35=C35), "SI","") | F35: =IF(G35>0,"SI","") | G35: =Max(C35-D35,0) -> 0 | H35: =countif('MENU PIZZE'!$E$4:$L$110,B35) -> 4 | I35: =IFERROR(VLOOKUP(B35,'Ricette dei preparati'!B:D,3,FALSE),"")
A36: 2.Salumi | B36: Crudo * | C36: =SUMIF('MENU PIZZE'!$E$4:$E$110,B36,'MENU PIZZE'!$A$4:$A$110)+SUMIF('MENU PIZZE'!$F$4:$F$110,B36,'MENU PIZZE'!$A$4:$A$110)+SUMIF('MENU PIZZE'!$G$4:$G$110,B36,'MENU PIZZE'!$A$4:$A$110)+SUMIF('MENU PIZZE'!$H$4:$H$110,B36,'MENU PIZZE'!$A$4:$A$110)+SUMIF('MENU PIZZE'!$I$4:$I$110,B36,'MENU PIZZE'!$A$4:$A$110)+SUMIF('MENU PIZZE'!$J$4:$J$110,B36,'MENU PIZZE'!$A$4:$A$110)+SUMIF('MENU PIZZE'!$K$4:$K$110,B36,'MENU PIZZE'!$A$4:$A$110)+SUMIF('MENU PIZZE'!$L$4:$L$110,B36,'MENU PIZZE'!$A$4:$A$110) -> 0 | E36: =if(AND(D36>0,D36=C36), "SI","") | F36: =IF(G36>0,"SI","") | G36: =Max(C36-D36,0) -> 0 | H36: =COUNTIF('MENU PIZZE'!$E$4:$L$110,B36) -> 7 | I36: =IFERROR(VLOOKUP(B36,'Ricette dei preparati'!B:D,3,FALSE),"")
A37: 2.Salumi | B37: Finocchiona | C37: =SUMIF('MENU PIZZE'!$E$4:$E$110,B37,'MENU PIZZE'!$A$4:$A$110)+SUMIF('MENU PIZZE'!$F$4:$F$110,B37,'MENU PIZZE'!$A$4:$A$110)+SUMIF('MENU PIZZE'!$G$4:$G$110,B37,'MENU PIZZE'!$A$4:$A$110)+SUMIF('MENU PIZZE'!$H$4:$H$110,B37,'MENU PIZZE'!$A$4:$A$110)+SUMIF('MENU PIZZE'!$I$4:$I$110,B37,'MENU PIZZE'!$A$4:$A$110)+SUMIF('MENU PIZZE'!$J$4:$J$110,B37,'MENU PIZZE'!$A$4:$A$110)+SUMIF('MENU PIZZE'!$K$4:$K$110,B37,'MENU PIZZE'!$A$4:$A$110)+SUMIF('MENU PIZZE'!$L$4:$L$110,B37,'MENU PIZZE'!$A$4:$A$110) -> 0 | E37: =if(AND(D37>0,D37=C37), "SI","") | F37: =IF(G37>0,"SI","") | G37: =Max(C37-D37,0) -> 0 | H37: =countif('MENU PIZZE'!$E$4:$L$110,B37) -> 1 | I37: =IFERROR(VLOOKUP(B37,'Ricette dei preparati'!B:D,3,FALSE),"")
A38: 2.Salumi | B38: Lardo * | C38: =SUMIF('MENU PIZZE'!$E$4:$E$110,B38,'MENU PIZZE'!$A$4:$A$110)+SUMIF('MENU PIZZE'!$F$4:$F$110,B38,'MENU PIZZE'!$A$4:$A$110)+SUMIF('MENU PIZZE'!$G$4:$G$110,B38,'MENU PIZZE'!$A$4:$A$110)+SUMIF('MENU PIZZE'!$H$4:$H$110,B38,'MENU PIZZE'!$A$4:$A$110)+SUMIF('MENU PIZZE'!$I$4:$I$110,B38,'MENU PIZZE'!$A$4:$A$110)+SUMIF('MENU PIZZE'!$J$4:$J$110,B38,'MENU PIZZE'!$A$4:$A$110)+SUMIF('MENU PIZZE'!$K$4:$K$110,B38,'MENU PIZZE'!$A$4:$A$110)+SUMIF('MENU PIZZE'!$L$4:$L$110,B38,'MENU PIZZE'!$A$4:$A$110) -> 0 | E38: =if(AND(D38>0,D38=C38), "SI","") | F38: =IF(G38>0,"SI","") | G38: =Max(C38-D38,0) -> 0 | H38: =countif('MENU PIZZE'!$E$4:$L$110,B38) -> 2 | I38: =IFERROR(VLOOKUP(B38,'Ricette dei preparati'!B:D,3,FALSE),"")
A39: 2.Salumi | B39: Mortadella | C39: =SUMIF('MENU PIZZE'!$E$4:$E$110,B39,'MENU PIZZE'!$A$4:$A$110)+SUMIF('MENU PIZZE'!$F$4:$F$110,B39,'MENU PIZZE'!$A$4:$A$110)+SUMIF('MENU PIZZE'!$G$4:$G$110,B39,'MENU PIZZE'!$A$4:$A$110)+SUMIF('MENU PIZZE'!$H$4:$H$110,B39,'MENU PIZZE'!$A$4:$A$110)+SUMIF('MENU PIZZE'!$I$4:$I$110,B39,'MENU PIZZE'!$A$4:$A$110)+SUMIF('MENU PIZZE'!$J$4:$J$110,B39,'MENU PIZZE'!$A$4:$A$110)+SUMIF('MENU PIZZE'!$K$4:$K$110,B39,'MENU PIZZE'!$A$4:$A$110)+SUMIF('MENU PIZZE'!$L$4:$L$110,B39,'MENU PIZZE'!$A$4:$A$110) -> 0 | E39: =if(AND(D39>0,D39=C39), "SI","") | F39: =IF(G39>0,"SI","") | G39: =Max(C39-D39,0) -> 0 | H39: =countif('MENU PIZZE'!$E$4:$L$110,B39) -> 2 | I39: =IFERROR(VLOOKUP(B39,'Ricette dei preparati'!B:D,3,FALSE),"")
A40: 2.Salumi | B40: Nduja | C40: =SUMIF('MENU PIZZE'!$E$4:$E$110,B40,'MENU PIZZE'!$A$4:$A$110)+SUMIF('MENU PIZZE'!$F$4:$F$110,B40,'MENU PIZZE'!$A$4:$A$110)+SUMIF('MENU PIZZE'!$G$4:$G$110,B40,'MENU PIZZE'!$A$4:$A$110)+SUMIF('MENU PIZZE'!$H$4:$H$110,B40,'MENU PIZZE'!$A$4:$A$110)+SUMIF('MENU PIZZE'!$I$4:$I$110,B40,'MENU PIZZE'!$A$4:$A$110)+SUMIF('MENU PIZZE'!$J$4:$J$110,B40,'MENU PIZZE'!$A$4:$A$110)+SUMIF('MENU PIZZE'!$K$4:$K$110,B40,'MENU PIZZE'!$A$4:$A$110)+SUMIF('MENU PIZZE'!$L$4:$L$110,B40,'MENU PIZZE'!$A$4:$A$110) -> 0 | E40: =if(AND(D40>0,D40=C40), "SI","") | F40: =IF(G40>0,"SI","") | G40: =Max(C40-D40,0) -> 0 | H40: =countif('MENU PIZZE'!$E$4:$L$110,B40) -> 1 | I40: =IFERROR(VLOOKUP(B40,'Ricette dei preparati'!B:D,3,FALSE),"")
A41: 2.Salumi | B41: Pancetta * | C41: =SUMIF('MENU PIZZE'!$E$4:$E$110,B41,'MENU PIZZE'!$A$4:$A$110)+SUMIF('MENU PIZZE'!$F$4:$F$110,B41,'MENU PIZZE'!$A$4:$A$110)+SUMIF('MENU PIZZE'!$G$4:$G$110,B41,'MENU PIZZE'!$A$4:$A$110)+SUMIF('MENU PIZZE'!$H$4:$H$110,B41,'MENU PIZZE'!$A$4:$A$110)+SUMIF('MENU PIZZE'!$I$4:$I$110,B41,'MENU PIZZE'!$A$4:$A$110)+SUMIF('MENU PIZZE'!$J$4:$J$110,B41,'MENU PIZZE'!$A$4:$A$110)+SUMIF('MENU PIZZE'!$K$4:$K$110,B41,'MENU PIZZE'!$A$4:$A$110)+SUMIF('MENU PIZZE'!$L$4:$L$110,B41,'MENU PIZZE'!$A$4:$A$110) -> 0 | E41: =if(AND(D41>0,D41=C41), "SI","") | F41: =IF(G41>0,"SI","") | G41: =Max(C41-D41,0) -> 0 | H41: =COUNTIF('MENU PIZZE'!$E$4:$L$110,B41) -> 2 | I41: =IFERROR(VLOOKUP(B41,'Ricette dei preparati'!B:D,3,FALSE),"")
A42: 2.Salumi | B42: Porchetta | C42: =SUMIF('MENU PIZZE'!$E$4:$E$110,B42,'MENU PIZZE'!$A$4:$A$110)+SUMIF('MENU PIZZE'!$F$4:$F$110,B42,'MENU PIZZE'!$A$4:$A$110)+SUMIF('MENU PIZZE'!$G$4:$G$110,B42,'MENU PIZZE'!$A$4:$A$110)+SUMIF('MENU PIZZE'!$H$4:$H$110,B42,'MENU PIZZE'!$A$4:$A$110)+SUMIF('MENU PIZZE'!$I$4:$I$110,B42,'MENU PIZZE'!$A$4:$A$110)+SUMIF('MENU PIZZE'!$J$4:$J$110,B42,'MENU PIZZE'!$A$4:$A$110)+SUMIF('MENU PIZZE'!$K$4:$K$110,B42,'MENU PIZZE'!$A$4:$A$110)+SUMIF('MENU PIZZE'!$L$4:$L$110,B42,'MENU PIZZE'!$A$4:$A$110) -> 0 | E42: =if(AND(D42>0,D42=C42), "SI","") | F42: =IF(G42>0,"SI","") | G42: =Max(C42-D42,0) -> 0 | H42: =countif('MENU PIZZE'!$E$4:$L$110,B42) -> 2 | I42: =IFERROR(VLOOKUP(B42,'Ricette dei preparati'!B:D,3,FALSE),"")
A43: 2.Salumi | B43: Salame piccante | C43: =SUMIF('MENU PIZZE'!$E$4:$E$110,B43,'MENU PIZZE'!$A$4:$A$110)+SUMIF('MENU PIZZE'!$F$4:$F$110,B43,'MENU PIZZE'!$A$4:$A$110)+SUMIF('MENU PIZZE'!$G$4:$G$110,B43,'MENU PIZZE'!$A$4:$A$110)+SUMIF('MENU PIZZE'!$H$4:$H$110,B43,'MENU PIZZE'!$A$4:$A$110)+SUMIF('MENU PIZZE'!$I$4:$I$110,B43,'MENU PIZZE'!$A$4:$A$110)+SUMIF('MENU PIZZE'!$J$4:$J$110,B43,'MENU PIZZE'!$A$4:$A$110)+SUMIF('MENU PIZZE'!$K$4:$K$110,B43,'MENU PIZZE'!$A$4:$A$110)+SUMIF('MENU PIZZE'!$L$4:$L$110,B43,'MENU PIZZE'!$A$4:$A$110) -> 0 | E43: =if(AND(D43>0,D43=C43), "SI","") | F43: =IF(G43>0,"SI","") | G43: =Max(C43-D43,0) -> 0 | H43: =countif('MENU PIZZE'!$E$4:$L$110,B43) -> 3 | I43: =IFERROR(VLOOKUP(B43,'Ricette dei preparati'!B:D,3,FALSE),"")
A44: 2.Salumi | B44: Salsiccia | C44: =SUMIF('MENU PIZZE'!$E$4:$E$110,B44,'MENU PIZZE'!$A$4:$A$110)+SUMIF('MENU PIZZE'!$F$4:$F$110,B44,'MENU PIZZE'!$A$4:$A$110)+SUMIF('MENU PIZZE'!$G$4:$G$110,B44,'MENU PIZZE'!$A$4:$A$110)+SUMIF('MENU PIZZE'!$H$4:$H$110,B44,'MENU PIZZE'!$A$4:$A$110)+SUMIF('MENU PIZZE'!$I$4:$I$110,B44,'MENU PIZZE'!$A$4:$A$110)+SUMIF('MENU PIZZE'!$J$4:$J$110,B44,'MENU PIZZE'!$A$4:$A$110)+SUMIF('MENU PIZZE'!$K$4:$K$110,B44,'MENU PIZZE'!$A$4:$A$110)+SUMIF('MENU PIZZE'!$L$4:$L$110,B44,'MENU PIZZE'!$A$4:$A$110) -> 0 | E44: =if(AND(D44>0,D44=C44), "SI","") | F44: =IF(G44>0,"SI","") | G44: =Max(C44-D44,0) -> 0 | H44: =countif('MENU PIZZE'!$E$4:$L$110,B44) -> 4 | I44: =IFERROR(VLOOKUP(B44,'Ricette dei preparati'!B:D,3,FALSE),"")
A45: 2.Salumi | B45: Speck | C45: =SUMIF('MENU PIZZE'!$E$4:$E$110,B45,'MENU PIZZE'!$A$4:$A$110)+SUMIF('MENU PIZZE'!$F$4:$F$110,B45,'MENU PIZZE'!$A$4:$A$110)+SUMIF('MENU PIZZE'!$G$4:$G$110,B45,'MENU PIZZE'!$A$4:$A$110)+SUMIF('MENU PIZZE'!$H$4:$H$110,B45,'MENU PIZZE'!$A$4:$A$110)+SUMIF('MENU PIZZE'!$I$4:$I$110,B45,'MENU PIZZE'!$A$4:$A$110)+SUMIF('MENU PIZZE'!$J$4:$J$110,B45,'MENU PIZZE'!$A$4:$A$110)+SUMIF('MENU PIZZE'!$K$4:$K$110,B45,'MENU PIZZE'!$A$4:$A$110)+SUMIF('MENU PIZZE'!$L$4:$L$110,B45,'MENU PIZZE'!$A$4:$A$110) -> 0 | E45: =if(AND(D45>0,D45=C45), "SI","") | F45: =IF(G45>0,"SI","") | G45: =Max(C45-D45,0) -> 0 | H45: =countif('MENU PIZZE'!$E$4:$L$110,B45) -> 7 | I45: =IFERROR(VLOOKUP(B45,'Ricette dei preparati'!B:D,3,FALSE),"")
A46: 2.Salumi | B46: Wurstell | C46: =SUMIF('MENU PIZZE'!$E$4:$E$110,B46,'MENU PIZZE'!$A$4:$A$110)+SUMIF('MENU PIZZE'!$F$4:$F$110,B46,'MENU PIZZE'!$A$4:$A$110)+SUMIF('MENU PIZZE'!$G$4:$G$110,B46,'MENU PIZZE'!$A$4:$A$110)+SUMIF('MENU PIZZE'!$H$4:$H$110,B46,'MENU PIZZE'!$A$4:$A$110)+SUMIF('MENU PIZZE'!$I$4:$I$110,B46,'MENU PIZZE'!$A$4:$A$110)+SUMIF('MENU PIZZE'!$J$4:$J$110,B46,'MENU PIZZE'!$A$4:$A$110)+SUMIF('MENU PIZZE'!$K$4:$K$110,B46,'MENU PIZZE'!$A$4:$A$110)+SUMIF('MENU PIZZE'!$L$4:$L$110,B46,'MENU PIZZE'!$A$4:$A$110) -> 0 | E46: =if(AND(D46>0,D46=C46), "SI","") | F46: =IF(G46>0,"SI","") | G46: =Max(C46-D46,0) -> 0 | H46: =countif('MENU PIZZE'!$E$4:$L$110,B46) -> 1 | I46: =IFERROR(VLOOKUP(B46,'Ricette dei preparati'!B:D,3,FALSE),"")
A47: 3.Pesce | B47: Carpaccio di tonno | C47: =SUMIF('MENU PIZZE'!$E$4:$E$110,B47,'MENU PIZZE'!$A$4:$A$110)+SUMIF('MENU PIZZE'!$F$4:$F$110,B47,'MENU PIZZE'!$A$4:$A$110)+SUMIF('MENU PIZZE'!$G$4:$G$110,B47,'MENU PIZZE'!$A$4:$A$110)+SUMIF('MENU PIZZE'!$H$4:$H$110,B47,'MENU PIZZE'!$A$4:$A$110)+SUMIF('MENU PIZZE'!$I$4:$I$110,B47,'MENU PIZZE'!$A$4:$A$110)+SUMIF('MENU PIZZE'!$J$4:$J$110,B47,'MENU PIZZE'!$A$4:$A$110)+SUMIF('MENU PIZZE'!$K$4:$K$110,B47,'MENU PIZZE'!$A$4:$A$110)+SUMIF('MENU PIZZE'!$L$4:$L$110,B47,'MENU PIZZE'!$A$4:$A$110) -> 0 | E47: =if(AND(D47>0,D47=C47), "SI","") | F47: =IF(G47>0,"SI","") | G47: =Max(C47-D47,0) -> 0 | H47: =countif('MENU PIZZE'!$E$4:$L$110,B47) -> 1 | I47: =IFERROR(VLOOKUP(B47,'Ricette dei preparati'!B:D,3,FALSE),"")
A48: 3.Pesce | B48: Cozze | C48: =SUMIF('MENU PIZZE'!$E$4:$E$110,B48,'MENU PIZZE'!$A$4:$A$110)+SUMIF('MENU PIZZE'!$F$4:$F$110,B48,'MENU PIZZE'!$A$4:$A$110)+SUMIF('MENU PIZZE'!$G$4:$G$110,B48,'MENU PIZZE'!$A$4:$A$110)+SUMIF('MENU PIZZE'!$H$4:$H$110,B48,'MENU PIZZE'!$A$4:$A$110)+SUMIF('MENU PIZZE'!$I$4:$I$110,B48,'MENU PIZZE'!$A$4:$A$110)+SUMIF('MENU PIZZE'!$J$4:$J$110,B48,'MENU PIZZE'!$A$4:$A$110)+SUMIF('MENU PIZZE'!$K$4:$K$110,B48,'MENU PIZZE'!$A$4:$A$110)+SUMIF('MENU PIZZE'!$L$4:$L$110,B48,'MENU PIZZE'!$A$4:$A$110) -> 0 | E48: =if(AND(D48>0,D48=C48), "SI","") | F48: =IF(G48>0,"SI","") | G48: =Max(C48-D48,0) -> 0 | H48: =countif('MENU PIZZE'!$E$4:$L$110,B48) -> 1 | I48: =IFERROR(VLOOKUP(B48,'Ricette dei preparati'!B:D,3,FALSE),"")
A49: 3.Pesce | B49: Gamberetti | C49: =SUMIF('MENU PIZZE'!$E$4:$E$110,B49,'MENU PIZZE'!$A$4:$A$110)+SUMIF('MENU PIZZE'!$F$4:$F$110,B49,'MENU PIZZE'!$A$4:$A$110)+SUMIF('MENU PIZZE'!$G$4:$G$110,B49,'MENU PIZZE'!$A$4:$A$110)+SUMIF('MENU PIZZE'!$H$4:$H$110,B49,'MENU PIZZE'!$A$4:$A$110)+SUMIF('MENU PIZZE'!$I$4:$I$110,B49,'MENU PIZZE'!$A$4:$A$110)+SUMIF('MENU PIZZE'!$J$4:$J$110,B49,'MENU PIZZE'!$A$4:$A$110)+SUMIF('MENU PIZZE'!$K$4:$K$110,B49,'MENU PIZZE'!$A$4:$A$110)+SUMIF('MENU PIZZE'!$L$4:$L$110,B49,'MENU PIZZE'!$A$4:$A$110) -> 0 | E49: =if(AND(D49>0,D49=C49), "SI","") | F49: =IF(G49>0,"SI","") | G49: =Max(C49-D49,0) -> 0 | H49: =countif('MENU PIZZE'!$E$4:$L$110,B49) -> 1 | I49: =IFERROR(VLOOKUP(B49,'Ricette dei preparati'!B:D,3,FALSE),"")
A50: 3.Pesce | B50: Misto Pesce paella | C50: =SUMIF('MENU PIZZE'!$E$4:$E$110,B50,'MENU PIZZE'!$A$4:$A$110)+SUMIF('MENU PIZZE'!$F$4:$F$110,B50,'MENU PIZZE'!$A$4:$A$110)+SUMIF('MENU PIZZE'!$G$4:$G$110,B50,'MENU PIZZE'!$A$4:$A$110)+SUMIF('MENU PIZZE'!$H$4:$H$110,B50,'MENU PIZZE'!$A$4:$A$110)+SUMIF('MENU PIZZE'!$I$4:$I$110,B50,'MENU PIZZE'!$A$4:$A$110)+SUMIF('MENU PIZZE'!$J$4:$J$110,B50,'MENU PIZZE'!$A$4:$A$110)+SUMIF('MENU PIZZE'!$K$4:$K$110,B50,'MENU PIZZE'!$A$4:$A$110)+SUMIF('MENU PIZZE'!$L$4:$L$110,B50,'MENU PIZZE'!$A$4:$A$110) -> 0 | E50: =if(AND(D50>0,D50=C50), "SI","") | F50: =IF(G50>0,"SI","") | G50: =Max(C50-D50,0) -> 0 | H50: =countif('MENU PIZZE'!$E$4:$L$110,B50) -> 1 | I50: =IFERROR(VLOOKUP(B50,'Ricette dei preparati'!B:D,3,FALSE),"") -> Gamberi, Scampi, Calamari, Cozze, Zafferano, Paprika dolce
A51: 3.Pesce | B51: Polpo | C51: =SUMIF('MENU PIZZE'!$E$4:$E$110,B51,'MENU PIZZE'!$A$4:$A$110)+SUMIF('MENU PIZZE'!$F$4:$F$110,B51,'MENU PIZZE'!$A$4:$A$110)+SUMIF('MENU PIZZE'!$G$4:$G$110,B51,'MENU PIZZE'!$A$4:$A$110)+SUMIF('MENU PIZZE'!$H$4:$H$110,B51,'MENU PIZZE'!$A$4:$A$110)+SUMIF('MENU PIZZE'!$I$4:$I$110,B51,'MENU PIZZE'!$A$4:$A$110)+SUMIF('MENU PIZZE'!$J$4:$J$110,B51,'MENU PIZZE'!$A$4:$A$110)+SUMIF('MENU PIZZE'!$K$4:$K$110,B51,'MENU PIZZE'!$A$4:$A$110)+SUMIF('MENU PIZZE'!$L$4:$L$110,B51,'MENU PIZZE'!$A$4:$A$110) -> 0 | E51: =if(AND(D51>0,D51=C51), "SI","") | F51: =IF(G51>0,"SI","") | G51: =Max(C51-D51,0) -> 0 | H51: =countif('MENU PIZZE'!$E$4:$L$110,B51) -> 1 | I51: =IFERROR(VLOOKUP(B51,'Ricette dei preparati'!B:D,3,FALSE),"")
A52: 3.Pesce | B52: Salmone * | C52: =SUMIF('MENU PIZZE'!$E$4:$E$110,B52,'MENU PIZZE'!$A$4:$A$110)+SUMIF('MENU PIZZE'!$F$4:$F$110,B52,'MENU PIZZE'!$A$4:$A$110)+SUMIF('MENU PIZZE'!$G$4:$G$110,B52,'MENU PIZZE'!$A$4:$A$110)+SUMIF('MENU PIZZE'!$H$4:$H$110,B52,'MENU PIZZE'!$A$4:$A$110)+SUMIF('MENU PIZZE'!$I$4:$I$110,B52,'MENU PIZZE'!$A$4:$A$110)+SUMIF('MENU PIZZE'!$J$4:$J$110,B52,'MENU PIZZE'!$A$4:$A$110)+SUMIF('MENU PIZZE'!$K$4:$K$110,B52,'MENU PIZZE'!$A$4:$A$110)+SUMIF('MENU PIZZE'!$L$4:$L$110,B52,'MENU PIZZE'!$A$4:$A$110) -> 0 | E52: =if(AND(D52>0,D52=C52), "SI","") | F52: =IF(G52>0,"SI","") | G52: =Max(C52-D52,0) -> 0 | H52: =countif('MENU PIZZE'!$E$4:$L$110,B52) -> 4 | I52: =IFERROR(VLOOKUP(B52,'Ricette dei preparati'!B:D,3,FALSE),"")
A53: 3.Pesce | B53: Tonno | C53: =SUMIF('MENU PIZZE'!$E$4:$E$110,B53,'MENU PIZZE'!$A$4:$A$110)+SUMIF('MENU PIZZE'!$F$4:$F$110,B53,'MENU PIZZE'!$A$4:$A$110)+SUMIF('MENU PIZZE'!$G$4:$G$110,B53,'MENU PIZZE'!$A$4:$A$110)+SUMIF('MENU PIZZE'!$H$4:$H$110,B53,'MENU PIZZE'!$A$4:$A$110)+SUMIF('MENU PIZZE'!$I$4:$I$110,B53,'MENU PIZZE'!$A$4:$A$110)+SUMIF('MENU PIZZE'!$J$4:$J$110,B53,'MENU PIZZE'!$A$4:$A$110)+SUMIF('MENU PIZZE'!$K$4:$K$110,B53,'MENU PIZZE'!$A$4:$A$110)+SUMIF('MENU PIZZE'!$L$4:$L$110,B53,'MENU PIZZE'!$A$4:$A$110) -> 0 | E53: =if(AND(D53>0,D53=C53), "SI","") | F53: =IF(G53>0,"SI","") | G53: =Max(C53-D53,0) -> 0 | H53: =countif('MENU PIZZE'!$E$4:$L$110,B53) -> 1 | I53: =IFERROR(VLOOKUP(B53,'Ricette dei preparati'!B:D,3,FALSE),"")
... A73: 5.Scatolame | B73: Olive verdi | C73: =SUMIF('MENU PIZZE'!$E$4:$E$110,B73,'MENU PIZZE'!$A$4:$A$110)+SUMIF('MENU PIZZE'!$F$4:$F$110,B73,'MENU PIZZE'!$A$4:$A$110)+SUMIF('MENU PIZZE'!$G$4:$G$110,B73,'MENU PIZZE'!$A$4:$A$110)+SUMIF('MENU PIZZE'!$H$4:$H$110,B73,'MENU PIZZE'!$A$4:$A$110)+SUMIF('MENU PIZZE'!$I$4:$I$110,B73,'MENU PIZZE'!$A$4:$A$110)+SUMIF('MENU PIZZE'!$J$4:$J$110,B73,'MENU PIZZE'!$A$4:$A$110)+SUMIF('MENU PIZZE'!$K$4:$K$110,B73,'MENU PIZZE'!$A$4:$A$110)+SUMIF('MENU PIZZE'!$L$4:$L$110,B73,'MENU PIZZE'!$A$4:$A$110) -> 0 | E73: =if(AND(D73>0,D73=C73), "SI","") | F73: =IF(G73>0,"SI","") | G73: =Max(C73-D73,0) -> 0 | H73: =countif('MENU PIZZE'!$E$4:$L$110,B73) -> 1 | I73: =IFERROR(VLOOKUP(B73,'Ricette dei preparati'!B:D,3,FALSE),"")
A74: 5.Scatolame | B74: Pappacelle | C74: =SUMIF('MENU PIZZE'!$E$4:$E$110,B74,'MENU PIZZE'!$A$4:$A$110)+SUMIF('MENU PIZZE'!$F$4:$F$110,B74,'MENU PIZZE'!$A$4:$A$110)+SUMIF('MENU PIZZE'!$G$4:$G$110,B74,'MENU PIZZE'!$A$4:$A$110)+SUMIF('MENU PIZZE'!$H$4:$H$110,B74,'MENU PIZZE'!$A$4:$A$110)+SUMIF('MENU PIZZE'!$I$4:$I$110,B74,'MENU PIZZE'!$A$4:$A$110)+SUMIF('MENU PIZZE'!$J$4:$J$110,B74,'MENU PIZZE'!$A$4:$A$110)+SUMIF('MENU PIZZE'!$K$4:$K$110,B74,'MENU PIZZE'!$A$4:$A$110)+SUMIF('MENU PIZZE'!$L$4:$L$110,B74,'MENU PIZZE'!$A$4:$A$110) -> 0 | E74: =if(AND(D74>0,D74=C74), "SI","") | F74: =IF(G74>0,"SI","") | G74: =Max(C74-D74,0) -> 0 | H74: =COUNTIF('MENU PIZZE'!$E$4:$L$110,B74) -> 1 | I74: =IFERROR(VLOOKUP(B74,'Ricette dei preparati'!B:D,3,FALSE),"")
A75: 5.Scatolame | B75: Pomodori secchi | C75: =SUMIF('MENU PIZZE'!$E$4:$E$110,B75,'MENU PIZZE'!$A$4:$A$110)+SUMIF('MENU PIZZE'!$F$4:$F$110,B75,'MENU PIZZE'!$A$4:$A$110)+SUMIF('MENU PIZZE'!$G$4:$G$110,B75,'MENU PIZZE'!$A$4:$A$110)+SUMIF('MENU PIZZE'!$H$4:$H$110,B75,'MENU PIZZE'!$A$4:$A$110)+SUMIF('MENU PIZZE'!$I$4:$I$110,B75,'MENU PIZZE'!$A$4:$A$110)+SUMIF('MENU PIZZE'!$J$4:$J$110,B75,'MENU PIZZE'!$A$4:$A$110)+SUMIF('MENU PIZZE'!$K$4:$K$110,B75,'MENU PIZZE'!$A$4:$A$110)+SUMIF('MENU PIZZE'!$L$4:$L$110,B75,'MENU PIZZE'!$A$4:$A$110) -> 0 | E75: =if(AND(D75>0,D75=C75), "SI","") | F75: =IF(G75>0,"SI","") | G75: =Max(C75-D75,0) -> 0 | H75: =countif('MENU PIZZE'!$E$4:$L$110,B75) -> 3 | I75: =IFERROR(VLOOKUP(B75,'Ricette dei preparati'!B:D,3,FALSE),"")
A76: 6.Salse | B76: Crema di peperoni | C76: =SUMIF('MENU PIZZE'!$E$4:$E$110,B76,'MENU PIZZE'!$A$4:$A$110)+SUMIF('MENU PIZZE'!$F$4:$F$110,B76,'MENU PIZZE'!$A$4:$A$110)+SUMIF('MENU PIZZE'!$G$4:$G$110,B76,'MENU PIZZE'!$A$4:$A$110)+SUMIF('MENU PIZZE'!$H$4:$H$110,B76,'MENU PIZZE'!$A$4:$A$110)+SUMIF('MENU PIZZE'!$I$4:$I$110,B76,'MENU PIZZE'!$A$4:$A$110)+SUMIF('MENU PIZZE'!$J$4:$J$110,B76,'MENU PIZZE'!$A$4:$A$110)+SUMIF('MENU PIZZE'!$K$4:$K$110,B76,'MENU PIZZE'!$A$4:$A$110)+SUMIF('MENU PIZZE'!$L$4:$L$110,B76,'MENU PIZZE'!$A$4:$A$110) -> 0 | E76: =if(AND(D76>0,D76=C76), "SI","") | F76: =IF(G76>0,"SI","") | G76: =Max(C76-D76,0) -> 0 | H76: =countif('MENU PIZZE'!$E$4:$L$110,B76) -> 3 | I76: =IFERROR(VLOOKUP(B76,'Ricette dei preparati'!B:D,3,FALSE),"")
A77: 6.Salse | B77: Crema di zucca | C77: =SUMIF('MENU PIZZE'!$E$4:$E$110,B77,'MENU PIZZE'!$A$4:$A$110)+SUMIF('MENU PIZZE'!$F$4:$F$110,B77,'MENU PIZZE'!$A$4:$A$110)+SUMIF('MENU PIZZE'!$G$4:$G$110,B77,'MENU PIZZE'!$A$4:$A$110)+SUMIF('MENU PIZZE'!$H$4:$H$110,B77,'MENU PIZZE'!$A$4:$A$110)+SUMIF('MENU PIZZE'!$I$4:$I$110,B77,'MENU PIZZE'!$A$4:$A$110)+SUMIF('MENU PIZZE'!$J$4:$J$110,B77,'MENU PIZZE'!$A$4:$A$110)+SUMIF('MENU PIZZE'!$K$4:$K$110,B77,'MENU PIZZE'!$A$4:$A$110)+SUMIF('MENU PIZZE'!$L$4:$L$110,B77,'MENU PIZZE'!$A$4:$A$110) -> 0 | E77: =if(AND(D77>0,D77=C77), "SI","") | F77: =IF(G77>0,"SI","") | G77: =Max(C77-D77,0) -> 0 | H77: =COUNTIF('MENU PIZZE'!$E$4:$L$110,B77) -> 2 | I77: =IFERROR(VLOOKUP(B77,'Ricette dei preparati'!B:D,3,FALSE),"")
A78: 6.Salse | B78: Ketchup | C78: =SUMIF('MENU PIZZE'!$E$4:$E$110,B78,'MENU PIZZE'!$A$4:$A$110)+SUMIF('MENU PIZZE'!$F$4:$F$110,B78,'MENU PIZZE'!$A$4:$A$110)+SUMIF('MENU PIZZE'!$G$4:$G$110,B78,'MENU PIZZE'!$A$4:$A$110)+SUMIF('MENU PIZZE'!$H$4:$H$110,B78,'MENU PIZZE'!$A$4:$A$110)+SUMIF('MENU PIZZE'!$I$4:$I$110,B78,'MENU PIZZE'!$A$4:$A$110)+SUMIF('MENU PIZZE'!$J$4:$J$110,B78,'MENU PIZZE'!$A$4:$A$110)+SUMIF('MENU PIZZE'!$K$4:$K$110,B78,'MENU PIZZE'!$A$4:$A$110)+SUMIF('MENU PIZZE'!$L$4:$L$110,B78,'MENU PIZZE'!$A$4:$A$110) -> 0 | E78: =if(AND(D78>0,D78=C78), "SI","") | F78: =IF(G78>0,"SI","") | G78: =Max(C78-D78,0) -> 0 | H78: =countif('MENU PIZZE'!$E$4:$L$110,B78) -> 2 | I78: =IFERROR(VLOOKUP(B78,'Ricette dei preparati'!B:D,3,FALSE),"")
A79: 6.Salse | B79: Pesto | C79: =SUMIF('MENU PIZZE'!$E$4:$E$110,B79,'MENU PIZZE'!$A$4:$A$110)+SUMIF('MENU PIZZE'!$F$4:$F$110,B79,'MENU PIZZE'!$A$4:$A$110)+SUMIF('MENU PIZZE'!$G$4:$G$110,B79,'MENU PIZZE'!$A$4:$A$110)+SUMIF('MENU PIZZE'!$H$4:$H$110,B79,'MENU PIZZE'!$A$4:$A$110)+SUMIF('MENU PIZZE'!$I$4:$I$110,B79,'MENU PIZZE'!$A$4:$A$110)+SUMIF('MENU PIZZE'!$J$4:$J$110,B79,'MENU PIZZE'!$A$4:$A$110)+SUMIF('MENU PIZZE'!$K$4:$K$110,B79,'MENU PIZZE'!$A$4:$A$110)+SUMIF('MENU PIZZE'!$L$4:$L$110,B79,'MENU PIZZE'!$A$4:$A$110) -> 0 | E79: =if(AND(D79>0,D79=C79), "SI","") | F79: =IF(G79>0,"SI","") | G79: =Max(C79-D79,0) -> 0 | H79: =countif('MENU PIZZE'!$E$4:$L$110,B79) -> 2 | I79: =IFERROR(VLOOKUP(B79,'Ricette dei preparati'!B:D,3,FALSE),"")
A80: 6.Salse | B80: Salsa al tartufo | C80: =SUMIF('MENU PIZZE'!$E$4:$E$110,B80,'MENU PIZZE'!$A$4:$A$110)+SUMIF('MENU PIZZE'!$F$4:$F$110,B80,'MENU PIZZE'!$A$4:$A$110)+SUMIF('MENU PIZZE'!$G$4:$G$110,B80,'MENU PIZZE'!$A$4:$A$110)+SUMIF('MENU PIZZE'!$H$4:$H$110,B80,'MENU PIZZE'!$A$4:$A$110)+SUMIF('MENU PIZZE'!$I$4:$I$110,B80,'MENU PIZZE'!$A$4:$A$110)+SUMIF('MENU PIZZE'!$J$4:$J$110,B80,'MENU PIZZE'!$A$4:$A$110)+SUMIF('MENU PIZZE'!$K$4:$K$110,B80,'MENU PIZZE'!$A$4:$A$110)+SUMIF('MENU PIZZE'!$L$4:$L$110,B80,'MENU PIZZE'!$A$4:$A$110) -> 0 | E80: =if(AND(D80>0,D80=C80), "SI","") | F80: =IF(G80>0,"SI","") | G80: =Max(C80-D80,0) -> 0 | H80: =countif('MENU PIZZE'!$E$4:$L$110,B80) -> 1 | I80: =IFERROR(VLOOKUP(B80,'Ricette dei preparati'!B:D,3,FALSE),"")
A81: 6.Salse | B81: Salsa BBQ | C81: =SUMIF('MENU PIZZE'!$E$4:$E$110,B81,'MENU PIZZE'!$A$4:$A$110)+SUMIF('MENU PIZZE'!$F$4:$F$110,B81,'MENU PIZZE'!$A$4:$A$110)+SUMIF('MENU PIZZE'!$G$4:$G$110,B81,'MENU PIZZE'!$A$4:$A$110)+SUMIF('MENU PIZZE'!$H$4:$H$110,B81,'MENU PIZZE'!$A$4:$A$110)+SUMIF('MENU PIZZE'!$I$4:$I$110,B81,'MENU PIZZE'!$A$4:$A$110)+SUMIF('MENU PIZZE'!$J$4:$J$110,B81,'MENU PIZZE'!$A$4:$A$110)+SUMIF('MENU PIZZE'!$K$4:$K$110,B81,'MENU PIZZE'!$A$4:$A$110)+SUMIF('MENU PIZZE'!$L$4:$L$110,B81,'MENU PIZZE'!$A$4:$A$110) -> 0 | E81: =if(AND(D81>0,D81=C81), "SI","") | F81: =IF(G81>0,"SI","") | G81: =Max(C81-D81,0) -> 0 | H81: =countif('MENU PIZZE'!$E$4:$L$110,B81) -> 1 | I81: =IFERROR(VLOOKUP(B81,'Ricette dei preparati'!B:D,3,FALSE),"")
A82: 6.Salse | B82: Senape | C82: =SUMIF('MENU PIZZE'!$E$4:$E$110,B82,'MENU PIZZE'!$A$4:$A$110)+SUMIF('MENU PIZZE'!$F$4:$F$110,B82,'MENU PIZZE'!$A$4:$A$110)+SUMIF('MENU PIZZE'!$G$4:$G$110,B82,'MENU PIZZE'!$A$4:$A$110)+SUMIF('MENU PIZZE'!$H$4:$H$110,B82,'MENU PIZZE'!$A$4:$A$110)+SUMIF('MENU PIZZE'!$I$4:$I$110,B82,'MENU PIZZE'!$A$4:$A$110)+SUMIF('MENU PIZZE'!$J$4:$J$110,B82,'MENU PIZZE'!$A$4:$A$110)+SUMIF('MENU PIZZE'!$K$4:$K$110,B82,'MENU PIZZE'!$A$4:$A$110)+SUMIF('MENU PIZZE'!$L$4:$L$110,B82,'MENU PIZZE'!$A$4:$A$110) -> 0 | E82: =if(AND(D82>0,D82=C82), "SI","") | F82: =IF(G82>0,"SI","") | G82: =Max(C82-D82,0) -> 0 | H82: =countif('MENU PIZZE'!$E$4:$L$110,B82) -> 1 | I82: =IFERROR(VLOOKUP(B82,'Ricette dei preparati'!B:D,3,FALSE),"")
A83: 7.Spezie/Condim. | B83: Aceto balsamico * | C83: =SUMIF('MENU PIZZE'!$E$4:$E$110,B83,'MENU PIZZE'!$A$4:$A$110)+SUMIF('MENU PIZZE'!$F$4:$F$110,B83,'MENU PIZZE'!$A$4:$A$110)+SUMIF('MENU PIZZE'!$G$4:$G$110,B83,'MENU PIZZE'!$A$4:$A$110)+SUMIF('MENU PIZZE'!$H$4:$H$110,B83,'MENU PIZZE'!$A$4:$A$110)+SUMIF('MENU PIZZE'!$I$4:$I$110,B83,'MENU PIZZE'!$A$4:$A$110)+SUMIF('MENU PIZZE'!$J$4:$J$110,B83,'MENU PIZZE'!$A$4:$A$110)+SUMIF('MENU PIZZE'!$K$4:$K$110,B83,'MENU PIZZE'!$A$4:$A$110)+SUMIF('MENU PIZZE'!$L$4:$L$110,B83,'MENU PIZZE'!$A$4:$A$110) -> 0 | E83: =if(AND(D83>0,D83=C83), "SI","") | F83: =IF(G83>0,"SI","") | G83: =Max(C83-D83,0) -> 0 | H83: =countif('MENU PIZZE'!$E$4:$L$110,B83) -> 4 | I83: =IFERROR(VLOOKUP(B83,'Ricette dei preparati'!B:D,3,FALSE),"")
A84: 7.Spezie/Condim. | B84: Aglio | C84: =SUMIF('MENU PIZZE'!$E$4:$E$110,B84,'MENU PIZZE'!$A$4:$A$110)+SUMIF('MENU PIZZE'!$F$4:$F$110,B84,'MENU PIZZE'!$A$4:$A$110)+SUMIF('MENU PIZZE'!$G$4:$G$110,B84,'MENU PIZZE'!$A$4:$A$110)+SUMIF('MENU PIZZE'!$H$4:$H$110,B84,'MENU PIZZE'!$A$4:$A$110)+SUMIF('MENU PIZZE'!$I$4:$I$110,B84,'MENU PIZZE'!$A$4:$A$110)+SUMIF('MENU PIZZE'!$J$4:$J$110,B84,'MENU PIZZE'!$A$4:$A$110)+SUMIF('MENU PIZZE'!$K$4:$K$110,B84,'MENU PIZZE'!$A$4:$A$110)+SUMIF('MENU PIZZE'!$L$4:$L$110,B84,'MENU PIZZE'!$A$4:$A$110) -> 0 | E84: =if(AND(D84>0,D84=C84), "SI","") | F84: =IF(G84>0,"SI","") | G84: =Max(C84-D84,0) -> 0 | H84: =countif('MENU PIZZE'!$E$4:$L$110,B84) -> 2 | I84: =IFERROR(VLOOKUP(B84,'Ricette dei preparati'!B:D,3,FALSE),"")
A85: 7.Spezie/Condim. | B85: Burro | C85: =SUMIF('MENU PIZZE'!$E$4:$E$110,B85,'MENU PIZZE'!$A$4:$A$110)+SUMIF('MENU PIZZE'!$F$4:$F$110,B85,'MENU PIZZE'!$A$4:$A$110)+SUMIF('MENU PIZZE'!$G$4:$G$110,B85,'MENU PIZZE'!$A$4:$A$110)+SUMIF('MENU PIZZE'!$H$4:$H$110,B85,'MENU PIZZE'!$A$4:$A$110)+SUMIF('MENU PIZZE'!$I$4:$I$110,B85,'MENU PIZZE'!$A$4:$A$110)+SUMIF('MENU PIZZE'!$J$4:$J$110,B85,'MENU PIZZE'!$A$4:$A$110)+SUMIF('MENU PIZZE'!$K$4:$K$110,B85,'MENU PIZZE'!$A$4:$A$110)+SUMIF('MENU PIZZE'!$L$4:$L$110,B85,'MENU PIZZE'!$A$4:$A$110) -> 0 | E85: =if(AND(D85>0,D85=C85), "SI","") | F85: =IF(G85>0,"SI","") | G85: =Max(C85-D85,0) -> 0 | H85: =countif('MENU PIZZE'!$E$4:$L$110,B85) -> 1 | I85: =IFERROR(VLOOKUP(B85,'Ricette dei preparati'!B:D,3,FALSE),"")
A86: 7.Spezie/Condim. | B86: Menta * | C86: =SUMIF('MENU PIZZE'!$E$4:$E$110,B86,'MENU PIZZE'!$A$4:$A$110)+SUMIF('MENU PIZZE'!$F$4:$F$110,B86,'MENU PIZZE'!$A$4:$A$110)+SUMIF('MENU PIZZE'!$G$4:$G$110,B86,'MENU PIZZE'!$A$4:$A$110)+SUMIF('MENU PIZZE'!$H$4:$H$110,B86,'MENU PIZZE'!$A$4:$A$110)+SUMIF('MENU PIZZE'!$I$4:$I$110,B86,'MENU PIZZE'!$A$4:$A$110)+SUMIF('MENU PIZZE'!$J$4:$J$110,B86,'MENU PIZZE'!$A$4:$A$110)+SUMIF('MENU PIZZE'!$K$4:$K$110,B86,'MENU PIZZE'!$A$4:$A$110)+SUMIF('MENU PIZZE'!$L$4:$L$110,B86,'MENU PIZZE'!$A$4:$A$110) -> 0 | E86: =if(AND(D86>0,D86=C86), "SI","") | F86: =IF(G86>0,"SI","") | G86: =Max(C86-D86,0) -> 0 | H86: =countif('MENU PIZZE'!$E$4:$L$110,B86) -> 3 | I86: =IFERROR(VLOOKUP(B86,'Ricette dei preparati'!B:D,3,FALSE),"")
A87: 7.Spezie/Condim. | B87: Origano * | C87: =SUMIF('MENU PIZZE'!$E$4:$E$110,B87,'MENU PIZZE'!$A$4:$A$110)+SUMIF('MENU PIZZE'!$F$4:$F$110,B87,'MENU PIZZE'!$A$4:$A$110)+SUMIF('MENU PIZZE'!$G$4:$G$110,B87,'MENU PIZZE'!$A$4:$A$110)+SUMIF('MENU PIZZE'!$H$4:$H$110,B87,'MENU PIZZE'!$A$4:$A$110)+SUMIF('MENU PIZZE'!$I$4:$I$110,B87,'MENU PIZZE'!$A$4:$A$110)+SUMIF('MENU PIZZE'!$J$4:$J$110,B87,'MENU PIZZE'!$A$4:$A$110)+SUMIF('MENU PIZZE'!$K$4:$K$110,B87,'MENU PIZZE'!$A$4:$A$110)+SUMIF('MENU PIZZE'!$L$4:$L$110,B87,'MENU PIZZE'!$A$4:$A$110) -> 0 | E87: =if(AND(D87>0,D87=C87), "SI","") | F87: =IF(G87>0,"SI","") | G87: =Max(C87-D87,0) -> 0 | H87: =countif('MENU PIZZE'!$E$4:$L$110,B87) -> 8 | I87: =IFERROR(VLOOKUP(B87,'Ricette dei preparati'!B:D,3,FALSE),"")
A88: 7.Spezie/Condim. | B88: Peperoncino | C88: =SUMIF('MENU PIZZE'!$E$4:$E$110,B88,'MENU PIZZE'!$A$4:$A$110)+SUMIF('MENU PIZZE'!$F$4:$F$110,B88,'MENU PIZZE'!$A$4:$A$110)+SUMIF('MENU PIZZE'!$G$4:$G$110,B88,'MENU PIZZE'!$A$4:$A$110)+SUMIF('MENU PIZZE'!$H$4:$H$110,B88,'MENU PIZZE'!$A$4:$A$110)+SUMIF('MENU PIZZE'!$I$4:$I$110,B88,'MENU PIZZE'!$A$4:$A$110)+SUMIF('MENU PIZZE'!$J$4:$J$110,B88,'MENU PIZZE'!$A$4:$A$110)+SUMIF('MENU PIZZE'!$K$4:$K$110,B88,'MENU PIZZE'!$A$4:$A$110)+SUMIF('MENU PIZZE'!$L$4:$L$110,B88,'MENU PIZZE'!$A$4:$A$110) -> 0 | E88: =if(AND(D88>0,D88=C88), "SI","") | F88: =IF(G88>0,"SI","") | G88: =Max(C88-D88,0) -> 0 | H88: =countif('MENU PIZZE'!$E$4:$L$110,B88) -> 1 | I88: =IFERROR(VLOOKUP(B88,'Ricette dei preparati'!B:D,3,FALSE),"")
A89: 7.Spezie/Condim. | B89: Rafano | C89: =SUMIF('MENU PIZZE'!$E$4:$E$110,B89,'MENU PIZZE'!$A$4:$A$110)+SUMIF('MENU PIZZE'!$F$4:$F$110,B89,'MENU PIZZE'!$A$4:$A$110)+SUMIF('MENU PIZZE'!$G$4:$G$110,B89,'MENU PIZZE'!$A$4:$A$110)+SUMIF('MENU PIZZE'!$H$4:$H$110,B89,'MENU PIZZE'!$A$4:$A$110)+SUMIF('MENU PIZZE'!$I$4:$I$110,B89,'MENU PIZZE'!$A$4:$A$110)+SUMIF('MENU PIZZE'!$J$4:$J$110,B89,'MENU PIZZE'!$A$4:$A$110)+SUMIF('MENU PIZZE'!$K$4:$K$110,B89,'MENU PIZZE'!$A$4:$A$110)+SUMIF('MENU PIZZE'!$L$4:$L$110,B89,'MENU PIZZE'!$A$4:$A$110) -> 0 | E89: =if(AND(D89>0,D89=C89), "SI","") | F89: =IF(G89>0,"SI","") | G89: =Max(C89-D89,0) -> 0 | H89: =countif('MENU PIZZE'!$E$4:$L$110,B89) -> 1 | I89: =IFERROR(VLOOKUP(B89,'Ricette dei preparati'!B:D,3,FALSE),"")
... A141: 9.Dolci | B141: Pere * | C141: =SUMIF('MENU PIZZE'!$E$4:$E$110,B141,'MENU PIZZE'!$A$4:$A$110)+SUMIF('MENU PIZZE'!$F$4:$F$110,B141,'MENU PIZZE'!$A$4:$A$110)+SUMIF('MENU PIZZE'!$G$4:$G$110,B141,'MENU PIZZE'!$A$4:$A$110)+SUMIF('MENU PIZZE'!$H$4:$H$110,B141,'MENU PIZZE'!$A$4:$A$110)+SUMIF('MENU PIZZE'!$I$4:$I$110,B141,'MENU PIZZE'!$A$4:$A$110)+SUMIF('MENU PIZZE'!$J$4:$J$110,B141,'MENU PIZZE'!$A$4:$A$110)+SUMIF('MENU PIZZE'!$K$4:$K$110,B141,'MENU PIZZE'!$A$4:$A$110)+SUMIF('MENU PIZZE'!$L$4:$L$110,B141,'MENU PIZZE'!$A$4:$A$110) -> 0 | E141: =if(AND(D141>0,D141=C141), "SI","") | F141: =IF(G141>0,"SI","") | G141: =Max(C141-D141,0) -> 0 | H141: =countif('MENU PIZZE'!$E$4:$L$110,B141) -> 1 | I141: =IFERROR(VLOOKUP(B141,'Ricette dei preparati'!B:D,3,FALSE),"")
B142: QUANTI INGREDIENTI? | C142: =COUNTIF(C2:C141,">0") -> 17 | F142: =COUNTIF(F2:F141,"SI") -> 17

Sheet IN PREPARAZIONE
B1: ADESSO PREPARIAMO..
B2: 5
B4: {=INDEX(Pizze, $B$2,4)} -> AGLIO NERO E FUNGHI
B5: {=INDEX(Pizze, $B$2,5)} -> -
B6: {=INDEX(Pizze, $B$2,6)} -> Fiordilatte
B7: {=INDEX(Pizze, $B$2,7)} -> Funghi
B8: {=INDEX(Pizze, $B$2,8)} -> Emulsione di aglio nero *
B9: {=INDEX(Pizze, $B$2,9)} -> Parmigiano
B10: {=INDEX(Pizze, $B$2,10)} -> Prezzemolo
B11: {=INDEX(Pizze, $B$2,11)} -> -
B12: {=INDEX(Pizze, $B$2,12)} -> -

Sheet Ricette dei preparati
A2: Q.TA'
A3: 0
A4: 1
A5: 2
A6: 3
A7: 4
A8: 5
A9: 6
A10: 7
A11: 8
A12: 9
A13: 10
A14: 11
... A23: 20
B27: PREPARAZIONE | C27: RICETTE DEI PREPARATI SPECIALI | D27: INGREDIENTI | F27: Aggiungi ricetta
B28: Uova strapazzate * | C28: Tuorlo d'uovo e latte in stessa quantità cuocere in microonde fino a rassodamento. Poi stracciare | D28: Uova, Latte
B29: Coralli viola * | C29: bollire le patate viola intere senza buccia, dopodiché congelare e una volta raggiunta la temperatura ideale, grattugiare su dì un foglio dì carta forno e cuocere a 60/70 gradi | D29: Patate viola
B30: Baccalà mantecato * | C30: https://ricette.giallozafferano.it/Baccala-mantecato-alla-veneziana.html | D30: Stoccafisso ammollato, Alloro, Prezzemolo
B31: Cipolla caramellata | C31: https://www.google.com/amp/s/www.cucchiaio.it/ricetta/cipolle-rosse-caramellate.amp.html | D31: Cipolle Tropea, Zucchero di canna
B32: Pomodorini confit | C32: https://ricette.giallozafferano.it/Pomodori-confit.html | D32: Pomodorini, Zucchero di canna, Worchester, Tabasco
B33: Pomodoro stracotto | C33: https://www.youtube.com/watch?v=WUBtcW7L540 | D33: Polpa di pomodoro, cipolla, carote, aglio
B34: Crema di patate | C34: soffriggere nell’olio il sedano, la carota e la cipolla, unire le patate a pasta gialla e cuocere fino a quando diventano tenere. | D34: Sedano, Carota, Cipolla, Patate
B35: Patate in crosta | C35: https://blog.giallozafferano.it/allacciateilgrembiule/patate-a-fette-in-padella/ | D35: Patate, Aglio, Rosmarino
B36: Cavolo nero stufato | C36: Bollire il cavolo nero dopo averlo privato della costa centrale. Poi ripassare in padella con aglio, olio e peperoncino | D36: Cavolo nero, Aglio, Peperoncino
B37: Crema di patate viola | C37: soffriggere nell’olio il sedano, la carota e la cipolla, unire le patate viola e cuocere fino a quando diventano tenere. | D37: Sedano, Carota, Cipolla, Patate
B38: Crema di zucchine | C38: https://ricette.giallozafferano.it/Vellutata-di-zucchine.html | D38: Zucchine, Porri, Panna
B39: Pomodori secchi (crema) | C39: Frullare il tutto a crudo | D39: Pomodori secchi, Olio, Aglio, Peperoncino, Origano, Timo, Capperi
... B71: Ananas caramellato | C71: https://blog.giallozafferano.it/crisemaxincucina/ananas-caramellato/ | D71: Ananas, Burro, Zucchero di canna

Sheet IMPASTO
A3: Numero palline | B3: 3 | C3: Peso | D3: 260
A5: Idratazione % | B5: 75 | C5: Sale (per litro di acqua) | D5: 50
A7: livitazione in frigo | B7: 40 | C7: Lievitazione fuori frigo | D7: 6
C9: Temp.ambiente | D9: 20
A11: Farina | B11: =(D3*B3)/(170)*100 -> 458.82353
A13: Acqua | B13: =B11*B5/100 -> 344.11765
A15: Sale | B15: =D5/1000*B13 -> 17.205882
A17: Lievito | B17: =B11*2820*(1+B15/200)/((-80+4.2*B5-0.0305*B5^2)*(D9^2.5)*(D7^1.2)) -> 1.4422277
A19: BIGA + AUTOLISI | D19: QTA/TOT | E19: IDRO | G19: TEMPO IMPASTO / NOTE | H19: RIPOSO SUCCESSIVO
A21: Fase 1 - mattina precedente
A22: PREIMP(BIGA) | B22: farina W320/340 | D22: 0.5 | F22: =$B$11*D22 -> 229.41176 | G22: 3 min a mano direttamente in vasca larga (straccetti) | H22: Prime 4 ore ambiente, poi frigo
B23: acqua | C23: temp.ambiente | E23: 0.5 | F23: =F22*E23 -> 114.70588
B24: lievito | F24: =B17 -> 1.4422277
A26: Fase 2 - mattina del giorno stesso
A27: AUTOLISI | B27: farina W 270/290 | D27: 0.5 | F27: =$B$11*D27 -> 229.41176 | G27: 3 min impastatrice | H27: 30 minuti AMBIENTE
B28: acqua | C28: fredda | E28: 0.5 | F28: =F27*E28 -> 114.70588
A30: IMPASTO FINALE | B30: biga+autolisi | G30: Impastatrice | H30: 40 minuti AMBIENTE (20 se estate)
B31: acqua (subito) | C31: fredda | E31: 0.1 | F31: =$B$11*E31 -> 45.882353
B32: acqua (a filo) | C32: fredda | E32: =($B$5-50-10)/100 -> 0.15 | F32: =$B$11*E32 -> 68.823529 | G32: con riposi se impasto supera 22°
B33: sale | F33: =B15 -> 17.205882 | G33: a 3 minuti dalla fine
A35: STAGLIO | G35: staglio | H35: FRIGO FINO A INFORNARE
A37: POOLISH
A39: Fase 1 - primo pomeriggio giorno precedente
A41: POOLISH | B41: farina W320/340 | D41: 0.4 | F41: =$B$11*D41 -> 183.52941 | G41: pastella a mano in ciotola | H41: 18 ore AMBIENTE (coperto)
B42: acqua | F42: =F41 -> 183.52941
B43: lievito | F43: =F42/100 -> 1.8352941
A45: Fase 2 - mattina del giorno di pizzata
A47: IMPASTO FINALE | B47: Poolish | G47: impastatrice | H47: 30 minuti AMBIENTE
B48: farina | F48: =$B$11-F41 -> 275.29412
B49: acqua | C49: fredda | F49: =$B$13-F42 -> 160.58824
B50: sale | F50: =B15 -> 17.205882 | G50: a 3 minuti dalla fine
A52: STAGLIO | G52: staglio | H52: Raddoppio, poi FRIGO FINO A INFORNARE
A55: FARINE
A56: NUVOLA | C56: W270/290
A57: NUVOLA SUPER | C57: W320/340 | D57: (per preimpasto-biga)
A58: Molino Rossetto ROSSA | C58: W340 | D58: (per preimpasto-biga)

Sheet TOTALI PIZZE
A1: NOME | B1: 0Da fareDa fareDa fare
A2: MARINANGURIA | B2: 9
A3: PISELLINA | B3: 7
A4: OSHIRASE | B4: 7
A5: MARGHERITA | B5: 6
A6: 4GEL&LIQUIRIZIA | B6: 4
A7: BACCARINA IN VASO | B7: 2
A8: FIORITA | B8: 2
A9: AVOCADOTOAST | B9: 2
A10: BUFALA&CRUDO | B10: 2
A11: QUATTRO FORMAGGI | B11: 2
A12: CRUDO&MANGO | B12: 2
A13: STRACCIA CONFIT | B13: 2
... A101: ZUCCOLA | B101: 0

Sheet Pizza del (inizio)
D1: TEST PIZZE "CLASSICHE"
B3: NOME
B4: 4GEL&LIQUIRIZIA
B5: AGLIO&PARMIGIANO
B6: AVOCADOTOAST
B7: BACCARINA
B8: BOLOGNA
B9: BUFALA&CRUDO
B10: BUFALA&PROVOLA
B11: BUFALINA
B12: CACIO&PEPE
B13: CALABRESE
B14: CAPRA PESTA
... B26: FRIARIELLI
A27: 1 | B27: FUNGHI
B28: GAMBERI&GUACA
B29: GAMBERI&MANGO
B30: GAMBEROROSSO
B31: GENIALE
B32: GIALLOROSSA
B33: GODURIOSA
B34: GORGOBIANCO
B35: GORGOROSSO
B36: GRECA
B37: LARDO&BASILICO
A38: 1 | B38: MARGHERITA
B39: MARINARA ++
B40: MELANZANA
B41: MELANZANA&PEPERONI
B42: MONTAGNA
A43: 1 | B43: NAPOLI
B44: NOCCIOLATA
B45: PALATONDA
B46: PAPPACELLE
B47: PATATE&ACCIUGA
B48: PATATOSA
B49: PEREZENZERO
B50: PESTO&PACHINO
B51: PICCANTE
B52: PROVOLA&PEPE
A53: 1 | B53: QUATTRO FORMAGGI
B54: RADICCHIO&LARDO
B55: RAGU' NAPOLETANO
B56: RIGA I MONTI
A57: 1 | B57: SALAMINO PICCANTE
A58: 1 | B58: SALMONE
B59: SALMONE&ZUCCHINE
B60: SCAROLA
B61: SCAROLA++
B62: STELLE&STRISCE
B63: STRACCIA CONFIT
B64: STRACCIABRESAOLA
B65: STRACCIACRUDO
B66: TALEGGIO&FUNGHI
B67: TIROLESE
B68: TONNO 2.0
A69: 1 | B69: TONNO&CIPOLLA
B70: TROPICALE
B71: ZUCCA&FUNGHI
B72: ZUCCOLA
A74: =SUM(A5:A72) -> 7
A75: =COUNTIF(A5:A72,">0") -> 7

Sheet Pizza del 892024
D1: Vanna, Mauro, Edoardo
B3: NOME
A4: 1 | B4: TROPICALE
A5: 1 | B5: CRUDO&MANGO
A6: 1 | B6: AVOCADOTOAST
A7: 1 | B7: 4GEL&LIQUIRIZIA
A8: 1 | B8: BOLOGNA
A9: 1 | B9: PEREZENZERO
B10: BUFALINA
B11: FRIARIELLI
B12: GAMBERI&MANGO
B13: CALABRESE
B14: AGLIO&PARMIGIANO
B15: CAPRINA
B16: BACCARINA
B17: BUFALA&CRUDO
B18: BUFALA&PROVOLA
B19: CACIO&PEPE
B20: CAPRA PESTA
B21: CAPRICCIOSA
... B72: ZUCCOLA
A74: =SUM(A4:A72) -> 6
A75: =COUNTIF(A4:A72,">0") -> 6

Sheet Pizza del 2292024
A1: Da fare | D1: Eva e Luca
B3: NOME
A4: 1 | B4: PROSCIUTTO&MELONE
A5: 1 | B5: TATAKI
A6: 1 | B6: FIORITA
A7: 1 | B7: RIGA I MONTI
A8: 1 | B8: 4GEL&LIQUIRIZIA
A9: 1 | B9: ANANA'S
A10: 1 | B10: PISELLINA
A11: 1 | B11: BUFALINA
B12: LARDO&BASILICO
B13: TARTARE
B14: BOLOGNALMIELE
B15: QUATTRO FORMAGGI
B16: MARGHERITA
B17: MARINARA ++
B18: NAPOLI
B19: BUFALA&CRUDO
B20: CAPRICCIOSA
B21: COTTO&FUNGHI
B22: CRUDO&FUNGHI
B23: FUNGHI
... B81: ZUCCOLA
A83: =SUM(A4:A81) -> 8
A84: =COUNTIF(A4:A81,">0") -> 8

Sheet Pizza del 2892024
A1: Da fare | D1: Giulio, Alessandra, Roberto, XXX
B3: NOME
A4: 1 | B4: STRACCIA CONFIT
A5: 1 | B5: OSHIRASE
A6: 1 | B6: RIGA I MONTI
A7: 1 | B7: ZOLAVIOLA
A8: 1 | B8: FIORITA++
A9: 1 | B9: STRAWBERRYFIELDS
A10: 1 | B10: MARINANGURIA
A11: 1 | B11: PORCHE' ?
A12: 1 | B12: IL FATTORE IGNARO
B13: TATAKI
B14: PROSCIUTTO&MELONE
B15: FIORITA
B16: 4GEL&LIQUIRIZIA
B17: ANANA'S
B18: PISELLINA
B19: BUFALINA
B20: LARDO&BASILICO
B21: TARTARE
B22: BOLOGNALMIELE
B23: QUATTRO FORMAGGI
B24: MARGHERITA
... B88: ZUCCOLA
A90: =SUM(A4:A88) -> 9
A91: =COUNTIF(A4:A88,">0") -> 9

Sheet Pizza del 17102024
A1: Da fare | D1: MIT: Fabrizio, Bruno, Michelangelo, Antonio, Alberto, Simone, Fabio, Alessio, Matteo, Diego, Giada, Manuela, Daiana, Gessica, Camilla, Andrea, Roberto, Sandra, Bianca
B3: NOME
A4: 5 | B4: MARGHERITA
A5: 5 | B5: OSHIRASE
A6: 5 | B6: MARINANGURIA
A7: 5 | B7: PISELLINA
B8: STRACCIA CONFIT
B9: RIGA I MONTI
B10: ZOLAVIOLA
B11: FIORITA++
B12: STRAWBERRYFIELDS
B13: PORCHE' ?
B14: IL FATTORE IGNARO
B15: TATAKI
B16: PROSCIUTTO&MELONE
B17: FIORITA
B18: 4GEL&LIQUIRIZIA
B19: ANANA'S
... B88: ZUCCOLA
A90: =SUM(A4:A88) -> 20
A91: =COUNTIF(A4:A88,">0") -> 4

Sheet Pizza del 26102024
A1: Da fare | D1: Capitanini
B3: NOME
A4: 1 | B4: STRACCIA CONFIT
A5: 1 | B5: BUFALA&CRUDO
A6: 1 | B6: ZOLAVIOLA
A7: 1 | B7: FIORITA++
A8: 1 | B8: OSHIRASE
A9: 1 | B9: MARINANGURIA
A10: 1 | B10: IL FATTORE IGNARO
B11: MARGHERITA
B12: PISELLINA
B13: RIGA I MONTI
B14: STRAWBERRYFIELDS
B15: PORCHE' ?
B16: TATAKI
B17: PROSCIUTTO&MELONE
B18: FIORITA
B19: 4GEL&LIQUIRIZIA
B20: ANANA'S
B21: BUFALINA
B22: LARDO&BASILICO
... B88: ZUCCOLA
A90: =SUM(A4:A88) -> 7
A91: =COUNTIF(A4:A88,">0") -> 7

Sheet Pizza del 10112024
A1: Da fare | D1: Eva,Luca,Lori,Pasquale
B3: NOME
A4: 1 | B4: QUATTRO FORMAGGI
A5: 1 | B5: BACCARINA
A6: 1 | B6: COL CAVOLO
A7: 1 | B7: CAPO&COLLO
A8: 1 | B8: PROVOLAGIALLA
A9: 1 | B9: CRUDO&MANGO
A10: 1 | B10: TARTARE
A11: 1 | B11: MARINANGURIA
B12: MARGHERITA
B13: COL CAVOLO MA DOLCE
B14: GAMBERI&GUACA
B15: STRACCIA CONFIT
B16: BUFALA&CRUDO
B17: ZOLAVIOLA
B18: FIORITA++
B19: OSHIRASE
B20: IL FATTORE IGNARO
B21: BARBAGONZO
B22: PISELLINA
B23: RIGA I MONTI
... B93: ZUCCOLA
A95: =SUM(A4:A93) -> 8
A96: =COUNTIF(A4:A93,">0") -> 8

Sheet Pizza del 21112024
D1: Roberto, Gaia, Tart&Sra
A3: Da fare | B3: NOME
A4: 1 | B4: GAMBERI&MANGO
A5: 1 | B5: PISELLINA
A6: 1 | B6: 4GEL&LIQUIRIZIA
A7: 1 | B7: PORCHE' CON PATATE
A8: 1 | B8: MARINANGURIA
A9: 1 | B9: I TRE POMI
A10: 1 | B10: CALABRESE GENTILE
B11: FIORITA
B12: QUATTRO FORMAGGI
B13: BACCARINA
B14: COL CAVOLO
B15: CAPO&COLLO
B16: PROVOLAGIALLA
B17: CRUDO&MANGO
B18: TARTARE
B19: MARGHERITA
B20: COL CAVOLO MA DOLCE
B21: GAMBERI&GUACA
B22: STRACCIA CONFIT
... B95: ZUCCOLA
A97: =SUM(A4:A95) -> 7
A98: =COUNTIF(A4:A95,">0") -> 7

Sheet Pizza del 24122024
D1: Stefania,Andrea, Alex
A3: Da fare | B3: NOME
A4: 1 | B4: FIORITA
A5: 1 | B5: AVOCADOTOAST
A6: 1 | B6: BACCARINA IN VASO
A7: 1 | B7: BUFALA&CRUDO
A8: 1 | B8: FIRENZE
B9: 4GEL&LIQUIRIZIA
B10: GAMBERI&MANGO
B11: PISELLINA
B12: PORCHE' CON PATATE
B13: I TRE POMI
B14: MARINANGURIA
B15: CALABRESE GENTILE
B16: QUATTRO FORMAGGI
B17: BACCARINA
B18: COL CAVOLO
B19: CAPO&COLLO
B20: PROVOLAGIALLA
... B96: ZUCCOLA
A98: =SUM(A4:A96) -> 5
A99: =COUNTIF(A4:A96,">0") -> 5

Sheet Pizza del 29122024
D1: Giulio, Alessandra, Claudio, Stefania
A3: Da fare | B3: NOME
A4: 1 | B4: CECINELLA
A5: 1 | B5: POLPOSA
A6: 1 | B6: 4GEL&LIQUIRIZIA
A7: 1 | B7: BACCARINA IN VASO
A8: 1 | B8: METATO
A9: 1 | B9: SALTALFUNGO
A10: 1 | B10: STRACAPOECOLLO
A11: 1 | B11: PICCANTOLA
B12: SPECCASTAGNA
B13: CECIECOZZE
B14: FIORITA
B15: AVOCADOTOAST
B16: BUFALA&CRUDO
B17: FIRENZE
B18: GAMBERI&MANGO
B19: PISELLINA
B20: PORCHE' CON PATATE
B21: I TRE POMI
B22: MARINANGURIA
B23: CALABRESE GENTILE
... B103: ZUCCOLA
A105: =SUM(A4:A103) -> 8
A106: =COUNTIF(A4:A103,">0") -> 8
